week_start,week_end,rank,index_id,symbol,weekly_change_percent,three_week_cumulative_return
2019-01-22,2019-01-28,1,2,GOLDBEES,0.8894099621803572,2.6856079028680475
2019-01-22,2019-01-28,2,16,INFRABEES,0.0,0.0
2019-01-22,2019-01-28,3,31,LIQUIDBEES,0.0,0.0
2019-01-29,2019-02-04,1,2,GOLDBEES,1.0234170909215514,2.9902105883513737
2019-01-29,2019-02-04,2,3,NIFTYBEES,2.2361159059780413,1.9025227464677652
2019-01-29,2019-02-04,3,31,LIQUIDBEES,0.35298239446897733,0.35298239446897733
2019-02-05,2019-02-11,1,2,GOLDBEES,-0.6914033942596723,2.5137763520403973
2019-02-05,2019-02-11,2,31,LIQUIDBEES,-0.0010137418952310229,0.35198504257251223
2019-02-05,2019-02-11,3,16,INFRABEES,0.0,0.0
2019-02-12,2019-02-18,1,2,GOLDBEES,1.6760543447587473,2.4583787342523222
2019-02-12,2019-02-18,2,31,LIQUIDBEES,-0.0010137418952310229,0.35298239446897733
2019-02-12,2019-02-18,3,7,BANKBEES,-1.1528034125866489,0.26965550897997986
2019-02-19,2019-02-25,1,2,GOLDBEES,-0.6801786679855774,0.35125949547681545
2019-02-19,2019-02-25,2,13,MID150BEES,0.0,0.0
2019-02-19,2019-02-25,3,16,INFRABEES,0.0,0.0
2019-02-26,2019-03-04,1,10,JUNIORBEES,2.449672645209201,2.2113893536947598
2019-02-26,2019-03-04,2,31,LIQUIDBEES,0.3153049214751629,0.31632187005771445
2019-02-26,2019-03-04,3,13,MID150BEES,0.0,0.0
2019-03-05,2019-03-11,1,8,PSUBNKBEES,3.4295794873549856,12.533037286835727
2019-03-05,2019-03-11,2,10,JUNIORBEES,2.519460355064347,11.315177873037161
2019-03-05,2019-03-11,3,3,NIFTYBEES,2.0341355456844274,4.976313274343176
2019-03-12,2019-03-18,1,8,PSUBNKBEES,3.633286703884273,11.692195478205933
2019-03-12,2019-03-18,2,7,BANKBEES,3.404047276949488,8.676593154386406
2019-03-12,2019-03-18,3,10,JUNIORBEES,-0.8213286405262208,6.738664432157251
2019-03-19,2019-03-25,1,8,PSUBNKBEES,-2.8592522871454453,9.047314135495775
2019-03-19,2019-03-25,2,7,BANKBEES,-1.3749872715302696,8.53061676423221
2019-03-19,2019-03-25,3,3,NIFTYBEES,-1.5960326668031575,4.485092353516261
2019-03-26,2019-04-01,1,8,PSUBNKBEES,5.793387249834685,11.863038070344887
2019-03-26,2019-04-01,2,7,BANKBEES,1.517694175063281,8.726774441957565
2019-03-26,2019-04-01,3,3,NIFTYBEES,1.4012476813434802,4.140723041115529
2019-04-02,2019-04-08,1,8,PSUBNKBEES,-4.638787688918308,4.816258150885933
2019-04-02,2019-04-08,2,3,NIFTYBEES,-0.46684234978001005,1.6376670869399872
2019-04-02,2019-04-08,3,7,BANKBEES,-1.0292495471073448,1.3595424113730386
2019-04-09,2019-04-15,1,8,PSUBNKBEES,0.1510914359932119,6.880680387200153
2019-04-09,2019-04-15,2,3,NIFTYBEES,0.3544433084175192,3.4247961684654595
2019-04-09,2019-04-15,3,10,JUNIORBEES,1.124295124936578,3.16934111046547
2019-04-16,2019-04-22,1,13,MID150BEES,0.0,0.0
2019-04-16,2019-04-22,2,16,INFRABEES,0.0,0.0
2019-04-16,2019-04-22,3,31,LIQUIDBEES,0.0,0.0
2019-04-23,2019-04-29,1,3,NIFTYBEES,1.3902937468376981,1.1807784781174708
2019-04-23,2019-04-29,2,7,BANKBEES,1.5349701483329503,0.3023474851514493
2019-04-23,2019-04-29,3,31,LIQUIDBEES,0.0,0.0010458504720465473
2019-04-30,2019-05-06,1,31,LIQUIDBEES,-0.0010116164457018347,0.3198443154734352
2019-04-30,2019-05-06,2,13,MID150BEES,0.0,0.0
2019-04-30,2019-05-06,3,16,INFRABEES,0.0,0.0
2019-05-07,2019-05-13,1,2,GOLDBEES,0.8528872450458962,0.932125076786442
2019-05-07,2019-05-13,2,31,LIQUIDBEES,0.0,0.3198099825770881
2019-05-07,2019-05-13,3,13,MID150BEES,0.0,0.0
2019-05-14,2019-05-20,1,7,BANKBEES,7.089250962100134,2.9300381765007764
2019-05-14,2019-05-20,2,8,PSUBNKBEES,7.908965136491602,0.9481883833194605
2019-05-14,2019-05-20,3,3,NIFTYBEES,5.149286227842755,0.43519695064113734
2019-05-21,2019-05-27,1,8,PSUBNKBEES,8.06400291222814,11.017154139827186
2019-05-21,2019-05-27,2,7,BANKBEES,4.083239079567035,6.551191693793356
2019-05-21,2019-05-27,3,3,NIFTYBEES,1.5966752731999323,2.6282274757018964
2019-05-28,2019-06-03,1,8,PSUBNKBEES,-3.54189093633502,12.983997300807356
2019-05-28,2019-06-03,2,7,BANKBEES,0.1963264234661127,10.426420699691914
2019-05-28,2019-06-03,3,3,NIFTYBEES,1.2909182827371402,8.170956492535273
2019-06-04,2019-06-10,1,2,GOLDBEES,0.5271485463279719,3.2281746875592736
2019-06-04,2019-06-10,2,10,JUNIORBEES,-1.3835816365361373,1.5209534092251924
2019-06-04,2019-06-10,3,3,NIFTYBEES,-0.7235901440201191,1.407248682001013
2019-06-11,2019-06-17,1,2,GOLDBEES,1.1783007007916493,2.9950858076049007
2019-06-11,2019-06-17,2,31,LIQUIDBEES,-0.001008233961999277,0.3344743749059814
2019-06-11,2019-06-17,3,13,MID150BEES,0.0,0.0
2019-06-18,2019-06-24,1,16,INFRABEES,6.511458387456409,6.511458387456409
2019-06-18,2019-06-24,2,2,GOLDBEES,3.303207983370954,5.160419285821617
2019-06-18,2019-06-24,3,13,MID150BEES,3.9300593510999766,3.9300593510999766
2019-06-25,2019-07-01,1,16,INFRABEES,1.3582969989562121,8.00236290860409
2019-06-25,2019-07-01,2,13,MID150BEES,1.3541476309101448,5.9450453625001085
2019-06-25,2019-07-01,3,8,PSUBNKBEES,3.6195798622885302,4.517101407435767
2019-07-02,2019-07-08,1,16,INFRABEES,-3.3670168116237837,5.051671765436392
2019-07-02,2019-07-08,2,2,GOLDBEES,2.2461881836186772,4.68596423418939
2019-07-02,2019-07-08,3,8,PSUBNKBEES,-2.608767765704365,3.138916719218058
2019-07-09,2019-07-15,1,2,GOLDBEES,1.642129242027439,1.6929363837859792
2019-07-09,2019-07-15,2,31,LIQUIDBEES,0.0,0.3039740596488001
2019-07-09,2019-07-15,3,8,PSUBNKBEES,-1.500452070708394,0.25257665721152006
2019-07-16,2019-07-22,1,2,GOLDBEES,1.041038420901492,4.321299209590767
2019-07-16,2019-07-22,2,31,LIQUIDBEES,0.0,-0.0010282082014183135
2019-07-16,2019-07-22,3,10,JUNIORBEES,-2.5975850754283227,-2.8039700762427504
2019-07-23,2019-07-29,1,2,GOLDBEES,-0.3719526476168289,1.2395388917841055
2019-07-23,2019-07-29,2,31,LIQUIDBEES,0.0,0.0
2019-07-23,2019-07-29,3,10,JUNIORBEES,-1.2807411805319524,-1.9017931533063157
2019-07-30,2019-08-05,1,2,GOLDBEES,3.8373517467639124,4.77142818568169
2019-07-30,2019-08-05,2,31,LIQUIDBEES,0.30324468746307276,0.30324468746307276
2019-07-30,2019-08-05,3,10,JUNIORBEES,-0.8738829719155529,-4.8296886036156055
2019-08-06,2019-08-12,1,2,GOLDBEES,1.7235918697422816,6.029574919167338
2019-08-06,2019-08-12,2,31,LIQUIDBEES,0.003029368580903763,0.3083198398802478
2019-08-06,2019-08-12,3,10,JUNIORBEES,1.632422457197303,-1.1481319390952414
2019-08-13,2019-08-19,1,2,GOLDBEES,-1.088406529637422,7.414653628940751
2019-08-13,2019-08-19,2,31,LIQUIDBEES,0.0,0.30424987607789217
2019-08-13,2019-08-19,3,10,JUNIORBEES,1.3351841912796032,-0.6965998073923803
2019-08-20,2019-08-26,1,2,GOLDBEES,2.335350335311252,6.222820983543026
2019-08-20,2019-08-26,2,3,NIFTYBEES,0.32474020816033,1.6821506159733879
2019-08-20,2019-08-26,3,13,MID150BEES,-0.5913046131963315,1.1502416301279952
2019-08-27,2019-09-02,1,2,GOLDBEES,-0.4403717186317879,3.2818486236933326
2019-08-27,2019-09-02,2,10,JUNIORBEES,0.7111771836744791,0.45576145881355307
2019-08-27,2019-09-02,3,31,LIQUIDBEES,0.28068605175988187,0.2766433501598441
2019-09-03,2019-09-09,1,2,GOLDBEES,-2.2204789187926326,2.258444778196834
2019-09-03,2019-09-09,2,10,JUNIORBEES,0.9575530632192195,0.5678650561884548
2019-09-03,2019-09-09,3,16,INFRABEES,4.155563842718746,0.5016148698827131
2019-09-10,2019-09-16,1,10,JUNIORBEES,1.2695610237264716,2.445393930824622
2019-09-10,2019-09-16,2,13,MID150BEES,0.9334501811074558,2.151853648565074
2019-09-10,2019-09-16,3,16,INFRABEES,-0.154785897824726,1.4768697099198738
2019-09-17,2019-09-23,1,7,BANKBEES,13.02014712793524,11.880940459344727
2019-09-17,2019-09-23,2,13,MID150BEES,7.750175502102189,7.863400697815709
2019-09-17,2019-09-23,3,16,INFRABEES,7.160096540627514,6.833489560090646
2019-09-24,2019-09-30,1,16,INFRABEES,2.3298240110616373,6.419006659379827
2019-09-24,2019-09-30,2,7,BANKBEES,-3.431987120572462,6.106805982059383
2019-09-24,2019-09-30,3,10,JUNIORBEES,-1.1664515158598767,5.380874501636874
2019-10-01,2019-10-07,1,16,INFRABEES,-0.1811421198412476,1.1231650301217093
2019-10-01,2019-10-07,2,2,GOLDBEES,2.9503263655010787,1.0631589961231203
2019-10-01,2019-10-07,3,3,NIFTYBEES,-2.4347926176396455,1.0016927119006442
2019-10-08,2019-10-14,1,2,GOLDBEES,0.4255441848046465,2.0070963227045313
2019-10-08,2019-10-14,2,31,LIQUIDBEES,0.0,0.2846405844286374
2019-10-08,2019-10-14,3,16,INFRABEES,3.4322011727335817,-0.7237248234562688
2019-10-15,2019-10-21,1,2,GOLDBEES,-0.4775202724317979,2.397454377215454
2019-10-15,2019-10-21,2,3,NIFTYBEES,2.1361269340164335,1.553053433437743
2019-10-15,2019-10-21,3,10,JUNIORBEES,3.47467920233421,1.2677715937722938
2019-10-22,2019-10-28,1,8,PSUBNKBEES,1.9838347593183498,7.391648732303624
2019-10-22,2019-10-28,2,10,JUNIORBEES,0.13755998309989342,6.654951290690245
2019-10-22,2019-10-28,3,13,MID150BEES,1.8965220064431638,6.540264762144774
2019-10-29,2019-11-04,1,8,PSUBNKBEES,9.76066807912581,18.012762469605686
2019-10-29,2019-11-04,2,7,BANKBEES,1.8682955111349546,7.954116078015627
2019-10-29,2019-11-04,3,13,MID150BEES,2.278687524013832,7.4207944605973575
2019-11-05,2019-11-11,1,8,PSUBNKBEES,-2.995490337485763,9.462080988142503
2019-11-05,2019-11-11,2,7,BANKBEES,2.560313986068688,6.491161470824737
2019-11-05,2019-11-11,3,13,MID150BEES,-0.4838697371944305,2.5598419538453334
2019-11-12,2019-11-18,1,8,PSUBNKBEES,1.3060324572266242,7.690801257752017
2019-11-12,2019-11-18,2,7,BANKBEES,-0.25023765924422864,4.629567447052022
2019-11-12,2019-11-18,3,3,NIFTYBEES,-0.6016190667132787,1.8989053138766163
2019-11-19,2019-11-25,1,7,BANKBEES,0.882271356175526,3.638727577447204
2019-11-19,2019-11-25,2,8,PSUBNKBEES,0.26731460122989137,1.4014836109345423
2019-11-19,2019-11-25,3,3,NIFTYBEES,1.060947932745968,1.1025436286519195
2019-11-26,2019-12-02,1,8,PSUBNKBEES,2.3571632470074206,7.338130802530409
2019-11-26,2019-12-02,2,7,BANKBEES,0.5595271578071719,2.6663829251366873
2019-11-26,2019-12-02,3,16,INFRABEES,1.2717300377552836,2.353951721931311
2019-12-03,2019-12-09,1,7,BANKBEES,-0.7195027629281213,1.312616185478786
2019-12-03,2019-12-09,2,3,NIFTYBEES,-0.49937199914836344,0.47402610839055576
2019-12-03,2019-12-09,3,31,LIQUIDBEES,0.0,0.24681983305479796
2019-12-10,2019-12-16,1,7,BANKBEES,2.613178623441434,1.4367485691428186
2019-12-10,2019-12-16,2,31,LIQUIDBEES,0.0010217841350075051,0.24680969878882747
2019-12-10,2019-12-16,3,2,GOLDBEES,0.7122092939768877,0.1632315901741141
2019-12-17,2019-12-23,1,3,NIFTYBEES,1.021642244172425,1.798885831302359
2019-12-17,2019-12-23,2,7,BANKBEES,0.9388490646019699,1.7772766676027265
2019-12-17,2019-12-23,3,2,GOLDBEES,0.43877617245898426,0.7228724714935353
2019-12-24,2019-12-30,1,13,MID150BEES,2.918075261648053,4.086272656531254
2019-12-24,2019-12-30,2,2,GOLDBEES,1.6296273690682872,3.2028971750546087
2019-12-24,2019-12-30,3,7,BANKBEES,-0.08475309000066879,3.2021474739616202
2019-12-31,2020-01-06,1,2,GOLDBEES,4.934690058899146,8.09437152228124
2019-12-31,2020-01-06,2,13,MID150BEES,-1.026534316190209,0.5132312793191766
2019-12-31,2020-01-06,3,31,LIQUIDBEES,0.0010266594005350856,0.26236121001922524
2020-01-07,2020-01-13,1,13,MID150BEES,2.3395503975733556,3.700140232743582
2020-01-07,2020-01-13,2,2,GOLDBEES,-2.112676056338028,3.268940339497838
2020-01-07,2020-01-13,3,16,INFRABEES,2.882369374681976,1.864160755307601
2020-01-14,2020-01-20,1,13,MID150BEES,2.123072697566106,3.411738165940691
2020-01-14,2020-01-20,2,16,INFRABEES,0.43816661453770944,3.2453407554996274
2020-01-14,2020-01-20,3,2,GOLDBEES,1.3812936467232464,2.7113712124253704
2020-01-21,2020-01-27,1,13,MID150BEES,1.7504205837782278,7.595344303981773
2020-01-21,2020-01-27,2,10,JUNIORBEES,1.1957937794408633,3.850390443001402
2020-01-21,2020-01-27,3,16,INFRABEES,0.46604987812314685,3.6060830000896424
2020-01-28,2020-02-03,1,2,GOLDBEES,0.5319110308396691,3.338129057301034
2020-01-28,2020-02-03,2,13,MID150BEES,-2.2103625756092082,1.8226758481809362
2020-01-28,2020-02-03,3,31,LIQUIDBEES,0.24888186600177387,0.24888186600177387
2020-02-04,2020-02-10,1,2,GOLDBEES,1.0399070063055076,2.043716236328457
2020-02-04,2020-02-10,2,13,MID150BEES,1.262962428072225,1.4612854185575892
2020-02-04,2020-02-10,3,10,JUNIORBEES,2.943089896733541,0.4647688156012607
2020-02-11,2020-02-17,1,31,LIQUIDBEES,0.0,0.24682601313823685
2020-02-11,2020-02-17,2,2,GOLDBEES,0.30709271716564795,0.22315713935786669
2020-02-11,2020-02-17,3,3,NIFTYBEES,-0.3585399087493514,-0.6913690819443109
2020-02-18,2020-02-24,1,2,GOLDBEES,6.751528728871918,7.435260359197675
2020-02-18,2020-02-24,2,10,JUNIORBEES,0.21571816782923614,2.085797075038751
2020-02-18,2020-02-24,3,3,NIFTYBEES,-1.2643262346929802,1.0528895734345483
2020-02-25,2020-03-02,1,2,GOLDBEES,-1.0950851026998256,3.0041668802154313
2020-02-25,2020-03-02,2,31,LIQUIDBEES,0.21160901467505241,0.21160901467505241
2020-02-25,2020-03-02,3,13,MID150BEES,-5.427059818257792,-7.1120968216066265
2020-03-03,2020-03-09,1,2,GOLDBEES,3.6099143080440066,7.041466066818887
2020-03-03,2020-03-09,2,31,LIQUIDBEES,-0.001014444106045929,0.21059242391382924
2020-03-03,2020-03-09,3,13,MID150BEES,1.4782176827384859,-2.6696895791681405
2020-03-10,2020-03-16,1,31,LIQUIDBEES,0.001014454397118769,0.21058273698972935
2020-03-10,2020-03-16,2,2,GOLDBEES,-7.254292724759172,-7.542777407975623
2020-03-10,2020-03-16,3,3,NIFTYBEES,-8.2870451284622,-18.579495734232264
2020-03-17,2020-03-23,1,31,LIQUIDBEES,0.0,0.0
2020-03-17,2020-03-23,2,2,GOLDBEES,0.5455027755398514,-5.428026972166617
2020-03-17,2020-03-23,3,16,INFRABEES,-13.433964567364388,-24.887858568548637
2020-03-24,2020-03-30,1,2,GOLDBEES,9.20583222040753,3.328139949204815
2020-03-24,2020-03-30,2,31,LIQUIDBEES,0.001014454397118769,0.001014454397118769
2020-03-24,2020-03-30,3,16,INFRABEES,8.737702951876601,-11.715257713154385
2020-03-31,2020-04-06,1,2,GOLDBEES,1.5179320726296015,8.746854238132087
2020-03-31,2020-04-06,2,31,LIQUIDBEES,0.0,0.1626191473995552
2020-03-31,2020-04-06,3,16,INFRABEES,3.0240653167823135,-5.3057516801806655
2020-04-07,2020-04-13,1,2,GOLDBEES,7.10865550714609,21.330671396513594
2020-04-07,2020-04-13,2,10,JUNIORBEES,4.024429347368836,18.136915694847055
2020-04-07,2020-04-13,3,3,NIFTYBEES,3.4736489094944636,14.487555782870274
2020-04-14,2020-04-20,1,13,MID150BEES,8.815426930437752,17.023694676784828
2020-04-14,2020-04-20,2,10,JUNIORBEES,3.028254440834702,15.23999002354271
2020-04-14,2020-04-20,3,3,NIFTYBEES,2.478555792838247,9.8912188807198
2020-04-21,2020-04-27,1,7,BANKBEES,1.7000506727592006,15.312019671732244
2020-04-21,2020-04-27,2,13,MID150BEES,3.5191203165298606,14.000896248778425
2020-04-21,2020-04-27,3,3,NIFTYBEES,2.9602530086031,13.6736395288472
2020-04-28,2020-05-04,1,16,INFRABEES,-0.19598902018448774,7.108358921155906
2020-04-28,2020-05-04,2,13,MID150BEES,-0.2982730625335749,6.2513262318041
2020-04-28,2020-05-04,3,3,NIFTYBEES,-0.5535937904483665,3.3256643106397017
2020-05-05,2020-05-11,1,16,INFRABEES,1.5870774306494868,3.3278129754519505
2020-05-05,2020-05-11,2,3,NIFTYBEES,0.5734741933878426,0.22451395601516536
2020-05-05,2020-05-11,3,31,LIQUIDBEES,-0.001026275268751154,0.14768832436995394
2020-05-12,2020-05-18,1,16,INFRABEES,-3.0770336792874087,0.5455256369040213
2020-05-12,2020-05-18,2,31,LIQUIDBEES,0.0,0.14970789892034758
2020-05-12,2020-05-18,3,2,GOLDBEES,3.1522773621498983,-0.04699355525919549
2020-05-19,2020-05-25,1,16,INFRABEES,0.7636020901978187,1.2509555124076783
2020-05-19,2020-05-25,2,10,JUNIORBEES,2.0852751199607003,0.23304101185264367
2020-05-19,2020-05-25,3,31,LIQUIDBEES,-0.001026275268751154,-0.001026275268751154
2020-05-26,2020-06-01,1,3,NIFTYBEES,8.533415614383546,6.323184138441235
2020-05-26,2020-06-01,2,16,INFRABEES,5.9641868584997395,5.715301622275356
2020-05-26,2020-06-01,3,13,MID150BEES,6.3673447589485015,5.207908697371001
2020-06-02,2020-06-08,1,8,PSUBNKBEES,12.0088948335453,22.348171578591177
2020-06-02,2020-06-08,2,7,BANKBEES,3.6918656014099596,20.48640341684162
2020-06-02,2020-06-08,3,3,NIFTYBEES,2.087070636708966,15.085700120203779
2020-06-09,2020-06-15,1,8,PSUBNKBEES,1.6812374036585305,25.37312901718488
2020-06-09,2020-06-15,2,7,BANKBEES,-3.749516761109812,15.527170717806795
2020-06-09,2020-06-15,3,13,MID150BEES,0.37174863527076235,11.156850483032686
2020-06-16,2020-06-22,1,8,PSUBNKBEES,8.31656461306663,21.064463521743345
2020-06-16,2020-06-22,2,13,MID150BEES,6.341640391098751,11.320033858000599
2020-06-16,2020-06-22,3,7,BANKBEES,7.165628845989058,8.961253343685945
2020-06-23,2020-06-29,1,8,PSUBNKBEES,-3.9568335451847223,6.022507093071231
2020-06-23,2020-06-29,2,13,MID150BEES,-1.5130416206691577,4.812145747844481
2020-06-23,2020-06-29,3,2,GOLDBEES,0.6395084082358427,4.526445469913441
2020-06-30,2020-07-06,1,7,BANKBEES,3.8345454558333825,11.422731916066477
2020-06-30,2020-07-06,2,3,NIFTYBEES,4.3462402137790965,9.348384310939979
2020-06-30,2020-07-06,3,13,MID150BEES,3.6906235443541906,8.740743001302082
2020-07-07,2020-07-13,1,3,NIFTYBEES,0.18316535689295657,4.837534839231189
2020-07-07,2020-07-13,2,2,GOLDBEES,1.980198464984459,2.29368026721823
2020-07-07,2020-07-13,3,10,JUNIORBEES,-0.8273755193591763,2.111042290856996
2020-07-14,2020-07-20,1,3,NIFTYBEES,3.6571302951007643,6.670311497464413
2020-07-14,2020-07-20,2,7,BANKBEES,4.178466978737796,4.217176133952482
2020-07-14,2020-07-20,3,13,MID150BEES,1.5093666570041786,3.3197902489118545
2020-07-21,2020-07-27,1,6,ITBEES,1.7321082545909618,13.311901113235361
2020-07-21,2020-07-27,2,2,GOLDBEES,7.3740234978658945,9.888810645631414
2020-07-21,2020-07-27,3,3,NIFTYBEES,-0.12654085095359385,3.596430393991338
2020-07-28,2020-08-03,1,6,ITBEES,0.11080586487010267,13.576366235876808
2020-07-28,2020-08-03,2,2,GOLDBEES,2.782009651574112,9.315771498743116
2020-07-28,2020-08-03,3,10,JUNIORBEES,1.7646010535975711,2.3454950644694845
2020-08-04,2020-08-10,1,2,GOLDBEES,2.412194762661006,12.375207496681737
2020-08-04,2020-08-10,2,13,MID150BEES,5.464940193861282,7.195356383424355
2020-08-04,2020-08-10,3,6,ITBEES,2.7027000903735274,5.739129107931386
2020-08-11,2020-08-17,1,13,MID150BEES,0.3208225255853654,7.08903986554499
2020-08-11,2020-08-17,2,10,JUNIORBEES,-0.2128902948800571,5.102005331966876
2020-08-11,2020-08-17,3,6,ITBEES,0.2747210712340189,3.5754774730987537
2020-08-18,2020-08-24,1,13,MID150BEES,3.8418977156929346,11.058506903995795
2020-08-18,2020-08-24,2,7,BANKBEES,2.659266047926411,7.849686212346773
2020-08-18,2020-08-24,3,3,NIFTYBEES,0.8514497552312154,5.0185090151900935
2020-08-25,2020-08-31,1,7,BANKBEES,3.267382926665797,8.870713020562718
2020-08-25,2020-08-31,2,8,PSUBNKBEES,0.3584197536603377,6.531380782489451
2020-08-25,2020-08-31,3,13,MID150BEES,-1.0564918661843166,3.0293391085772785
2020-09-01,2020-09-07,1,7,BANKBEES,-3.587799301457991,5.812673210560539
2020-09-01,2020-09-07,2,13,MID150BEES,0.6365409243968622,3.6456647680201746
2020-09-01,2020-09-07,3,8,PSUBNKBEES,-3.59496921671971,3.1410240970263335
2020-09-08,2020-09-14,1,6,ITBEES,5.447671368167649,7.951400210808885
2020-09-08,2020-09-14,2,13,MID150BEES,4.089920147414295,1.5225334886626012
2020-09-08,2020-09-14,3,16,INFRABEES,2.1268126914070633,0.6797583081570997
2020-09-15,2020-09-21,1,6,ITBEES,0.10101241684007806,10.172317659747872
2020-09-15,2020-09-21,2,31,LIQUIDBEES,0.0,0.0010112563990780615
2020-09-15,2020-09-21,3,13,MID150BEES,-4.001788742273564,-0.13928189950427827
2020-09-22,2020-09-28,1,6,ITBEES,-0.8020042170090366,9.337019328396217
2020-09-22,2020-09-28,2,13,MID150BEES,1.737628016741433,0.26226190951199063
2020-09-22,2020-09-28,3,31,LIQUIDBEES,0.0,-0.0010112461727864285
2020-09-29,2020-10-05,1,6,ITBEES,5.138541250184849,6.751926617319507
2020-09-29,2020-10-05,2,7,BANKBEES,4.14387084221172,0.8664389116863075
2020-09-29,2020-10-05,3,31,LIQUIDBEES,0.20726294755810207,0.20726294755810207
2020-10-06,2020-10-12,1,6,ITBEES,6.187526049016771,12.563066647112011
2020-10-06,2020-10-12,2,7,BANKBEES,3.898313508928617,10.787183781171363
2020-10-06,2020-10-12,3,3,NIFTYBEES,2.3623319632450546,5.870581240010755
2020-10-13,2020-10-19,1,7,BANKBEES,3.1246034253469324,11.803805051774965
2020-10-13,2020-10-19,2,6,ITBEES,-9.405312645906948,8.53965916385078
2020-10-13,2020-10-19,3,3,NIFTYBEES,-0.16532757835190778,5.8956138276356995
2020-10-20,2020-10-26,1,7,BANKBEES,-0.6882175782924771,7.900124879215964
2020-10-20,2020-10-26,2,3,NIFTYBEES,-0.7572762561283564,2.8027458589275174
2020-10-20,2020-10-26,3,6,ITBEES,-1.4259405207272386,2.6832747648464053
2020-10-27,2020-11-02,1,7,BANKBEES,0.6518894256914886,4.97754664778941
2020-10-27,2020-11-02,2,13,MID150BEES,-0.8648267221178115,0.3840835981956698
2020-10-27,2020-11-02,3,10,JUNIORBEES,-0.5569588356343598,0.35128392624109583
2020-11-03,2020-11-09,1,7,BANKBEES,7.636191441318493,13.735137695090724
2020-11-03,2020-11-09,2,13,MID150BEES,3.5217564581160565,5.385444091468684
2020-11-03,2020-11-09,3,16,INFRABEES,4.031027708716613,5.052061033233429
2020-11-10,2020-11-16,1,7,BANKBEES,-0.35052742218303934,18.438317682421307
2020-11-10,2020-11-16,2,8,PSUBNKBEES,-1.202535011164327,9.620785867832257
2020-11-10,2020-11-16,3,10,JUNIORBEES,4.062109523243684,9.541200839179272
2020-11-17,2020-11-23,1,7,BANKBEES,-0.4973061931518086,16.787266387352282
2020-11-17,2020-11-23,2,8,PSUBNKBEES,1.9583036477349962,13.183724618453372
2020-11-17,2020-11-23,3,13,MID150BEES,3.7962213071351307,12.56505536273838
2020-11-24,2020-11-30,1,8,PSUBNKBEES,4.785280510149084,12.590638350733121
2020-11-24,2020-11-30,2,13,MID150BEES,0.7593187235169492,8.497590708647015
2020-11-24,2020-11-30,3,7,BANKBEES,-0.5124079165617782,7.087240120648948
2020-12-01,2020-12-07,1,8,PSUBNKBEES,7.936516861222001,21.973102718057394
2020-12-01,2020-12-07,2,13,MID150BEES,2.117586000527425,9.398334583936238
2020-12-01,2020-12-07,3,10,JUNIORBEES,2.74109072485439,7.004364225872939
2020-12-08,2020-12-14,1,8,PSUBNKBEES,0.19685490220520294,26.14622912197672
2020-12-08,2020-12-14,2,10,JUNIORBEES,1.4786413397799423,6.306821092886771
2020-12-08,2020-12-14,3,13,MID150BEES,0.5161976215073908,5.900742566708706
2020-12-15,2020-12-21,1,8,PSUBNKBEES,-10.348258130500412,5.503516031946527
2020-12-15,2020-12-21,2,6,ITBEES,0.5681865073585897,4.590910131281072
2020-12-15,2020-12-21,3,2,GOLDBEES,3.1293791736057868,3.081231769660673
2020-12-22,2020-12-28,1,6,ITBEES,2.056230686894434,7.373068893686406
2020-12-22,2020-12-28,2,3,NIFTYBEES,2.753435720630281,3.8583215631503602
2020-12-22,2020-12-28,3,2,GOLDBEES,0.34324418435445153,2.5491117758977677
2020-12-29,2021-01-04,1,6,ITBEES,3.5962447601499283,10.940918854545762
2020-12-29,2021-01-04,2,2,GOLDBEES,1.9230772589723548,4.605260858150899
2020-12-29,2021-01-04,3,13,MID150BEES,3.534645550365498,4.544872182908001
2021-01-05,2021-01-11,1,6,ITBEES,4.8169555423874595,18.20947628152731
2021-01-05,2021-01-11,2,13,MID150BEES,2.23627126225497,11.358223096461542
2021-01-05,2021-01-11,3,10,JUNIORBEES,2.063293272028362,10.134201242258378
2021-01-12,2021-01-18,1,6,ITBEES,-2.0257799071391673,9.375002941018694
2021-01-12,2021-01-18,2,8,PSUBNKBEES,-0.19166705279736382,8.772847721365741
2021-01-12,2021-01-18,3,16,INFRABEES,0.15642968120594827,6.094156277285821
2021-01-19,2021-01-25,1,6,ITBEES,0.0761632048337705,3.6686402018975524
2021-01-19,2021-01-25,2,16,INFRABEES,-2.6981640560347007,2.4404228283261062
2021-01-19,2021-01-25,3,3,NIFTYBEES,-1.9234418096325416,1.161170408095389
2021-01-26,2021-02-01,1,8,PSUBNKBEES,5.739741748192218,7.820389345484935
2021-01-26,2021-02-01,2,7,BANKBEES,5.990771188879964,3.603094696309328
2021-01-26,2021-02-01,3,16,INFRABEES,1.3192565560027671,0.5387402759888615
2021-02-02,2021-02-08,1,8,PSUBNKBEES,11.668927419649814,18.53096795242232
2021-02-02,2021-02-08,2,7,BANKBEES,5.0354714950854325,12.889416666356752
2021-02-02,2021-02-08,3,13,MID150BEES,3.402983252681903,5.919760532572036
2021-02-09,2021-02-15,1,8,PSUBNKBEES,1.9544033388542381,23.899070014137596
2021-02-09,2021-02-15,2,7,BANKBEES,4.055031113987735,19.910876818656806
2021-02-09,2021-02-15,3,16,INFRABEES,0.5529429682154142,8.882182220506843
2021-02-16,2021-02-22,1,8,PSUBNKBEES,3.602533013327655,22.461390026004025
2021-02-16,2021-02-22,2,13,MID150BEES,-1.6308677515606318,6.632531899604903
2021-02-16,2021-02-22,3,7,BANKBEES,-5.0655993113077304,6.490069757737338
2021-02-23,2021-03-01,1,8,PSUBNKBEES,-0.8400199168267838,5.184280079424189
2021-02-23,2021-03-01,2,13,MID150BEES,3.114300266358636,4.376444552317076
2021-02-23,2021-03-01,3,16,INFRABEES,1.6351618917214255,2.141719057473435
2021-03-02,2021-03-08,1,13,MID150BEES,0.6862050970107332,5.129082361626011
2021-03-02,2021-03-08,2,8,PSUBNKBEES,0.15390887218012006,3.9536730627843695
2021-03-02,2021-03-08,3,16,INFRABEES,1.5095841100899323,3.5673502527155754
2021-03-09,2021-03-15,1,13,MID150BEES,-0.5953620250220694,4.996573053198061
2021-03-09,2021-03-15,2,6,ITBEES,1.1158173069690147,4.61783363319151
2021-03-09,2021-03-15,3,16,INFRABEES,-1.6092776209566377,2.113654166609374
2021-03-16,2021-03-22,1,6,ITBEES,-1.1993991422936396,6.33319740557509
2021-03-16,2021-03-22,2,31,LIQUIDBEES,0.0,0.0009557777093375586
2021-03-16,2021-03-22,3,3,NIFTYBEES,-1.5395153379054636,-0.43034788900763593
2021-03-23,2021-03-29,1,6,ITBEES,-1.7497184321115953,0.780338546579457
2021-03-23,2021-03-29,2,2,GOLDBEES,-0.3340114582063238,0.23255852923413398
2021-03-23,2021-03-29,3,31,LIQUIDBEES,0.0009557777093375586,0.0
2021-03-30,2021-04-05,1,6,ITBEES,-0.4843556906712602,1.636219127062874
2021-03-30,2021-04-05,2,2,GOLDBEES,2.4752494437231287,0.6912453872781901
2021-03-30,2021-04-05,3,31,LIQUIDBEES,0.2145720957462819,0.2136142763593069
2021-04-06,2021-04-12,1,2,GOLDBEES,2.532286547218058,4.221372635157626
2021-04-06,2021-04-12,2,13,MID150BEES,1.6792072084842928,3.680228450905518
2021-04-06,2021-04-12,3,6,ITBEES,0.2612000155434684,1.9347504441314733
2021-04-13,2021-04-19,1,2,GOLDBEES,2.517898049927807,7.063670531321723
2021-04-13,2021-04-19,2,6,ITBEES,1.3394580662491617,2.516452266551197
2021-04-13,2021-04-19,3,13,MID150BEES,-0.9111107720269098,0.6659938951061983
2021-04-20,2021-04-26,1,2,GOLDBEES,0.3163043137266549,4.830911829964412
2021-04-20,2021-04-26,2,10,JUNIORBEES,0.648372722802111,0.05278578551539732
2021-04-20,2021-04-26,3,31,LIQUIDBEES,-0.000975740451279225,-0.000975740451279225
2021-04-27,2021-05-03,1,7,BANKBEES,-0.6182423455344471,5.373293413197256
2021-04-27,2021-05-03,2,10,JUNIORBEES,0.8864666081026675,3.631015359760844
2021-04-27,2021-05-03,3,8,PSUBNKBEES,-0.13452367857941352,1.968865852433747
2021-05-04,2021-05-10,1,8,PSUBNKBEES,1.733851858784436,10.032814802170032
2021-05-04,2021-05-10,2,10,JUNIORBEES,3.5233232479732854,6.016426394962774
2021-05-04,2021-05-10,3,7,BANKBEES,2.5705963288496365,5.840019054536224
2021-05-11,2021-05-17,1,8,PSUBNKBEES,5.630820814776993,13.978992501653792
2021-05-11,2021-05-17,2,10,JUNIORBEES,-0.2640752137270113,4.870321906457957
2021-05-11,2021-05-17,3,13,MID150BEES,-0.8849519111826574,4.428910706355441
2021-05-18,2021-05-24,1,8,PSUBNKBEES,6.354384610065673,17.24292803617436
2021-05-18,2021-05-24,2,7,BANKBEES,2.928226117680979,7.501832532268747
2021-05-18,2021-05-24,3,10,JUNIORBEES,2.176294900129801,6.721062450778266
2021-05-25,2021-05-31,1,8,PSUBNKBEES,3.031483484347213,12.952709861382806
2021-05-25,2021-05-31,2,7,BANKBEES,2.160130485212776,7.142424299182807
2021-05-25,2021-05-31,3,3,NIFTYBEES,2.6210512144411444,4.4461085454186176
2021-06-01,2021-06-07,1,8,PSUBNKBEES,3.989366096442853,9.699398806787194
2021-06-01,2021-06-07,2,16,INFRABEES,4.3135849176412515,8.359867557381552
2021-06-01,2021-06-07,3,10,JUNIORBEES,3.452478669783169,7.980304817023004
2021-06-08,2021-06-14,1,6,ITBEES,2.463407812992946,8.835797685070494
2021-06-08,2021-06-14,2,13,MID150BEES,0.7096983503863576,6.497378341664331
2021-06-08,2021-06-14,3,16,INFRABEES,-0.5506765067489815,6.451835982296444
2021-06-15,2021-06-21,1,6,ITBEES,-0.17348798608601732,5.038339170744126
2021-06-15,2021-06-21,2,13,MID150BEES,-2.0779183223933417,3.909760991067393
2021-06-15,2021-06-21,3,8,PSUBNKBEES,0.2582061720702816,2.527348436474175
2021-06-22,2021-06-28,1,6,ITBEES,2.00345391509815,7.148045206378102
2021-06-22,2021-06-28,2,8,PSUBNKBEES,3.840476065204559,2.740226441370495
2021-06-22,2021-06-28,3,13,MID150BEES,0.7631335351566101,1.3980488069428167
2021-06-29,2021-07-05,1,6,ITBEES,-0.13582653477442966,2.473864340064701
2021-06-29,2021-07-05,2,8,PSUBNKBEES,0.2890170622255947,2.021319966611234
2021-06-29,2021-07-05,3,7,BANKBEES,0.3316936108965219,0.889444987754428
2021-07-06,2021-07-12,1,13,MID150BEES,1.1611074942949329,2.7114668547069933
2021-07-06,2021-07-12,2,2,GOLDBEES,-0.2643609919202861,1.3430994549780493
2021-07-06,2021-07-12,3,10,JUNIORBEES,0.6406165173596646,1.2693993067075646
2021-07-13,2021-07-19,1,13,MID150BEES,0.5521723400603568,2.553650779070168
2021-07-13,2021-07-19,2,2,GOLDBEES,0.2408441064995109,1.959821761493014
2021-07-13,2021-07-19,3,10,JUNIORBEES,0.23090777220328312,1.0200279962944614
2021-07-20,2021-07-26,1,6,ITBEES,3.041566792461003,3.672220092857592
2021-07-20,2021-07-26,2,13,MID150BEES,1.158891908852377,2.196424098670256
2021-07-20,2021-07-26,3,16,INFRABEES,1.0120693149953766,2.0042025889276376
2021-07-27,2021-08-02,1,6,ITBEES,2.991452482346523,8.25846352986691
2021-07-27,2021-08-02,2,16,INFRABEES,1.746122420925682,3.0808170200475287
2021-07-27,2021-08-02,3,13,MID150BEES,2.478549510296882,2.821613450151486
2021-08-03,2021-08-09,1,6,ITBEES,1.169778213881024,7.707845796347288
2021-08-03,2021-08-09,2,3,NIFTYBEES,1.2350662762628921,3.322141278029834
2021-08-03,2021-08-09,3,7,BANKBEES,2.280049519283912,2.320526358372987
2021-08-10,2021-08-16,1,6,ITBEES,2.9147244239038272,8.855358726989596
2021-08-10,2021-08-16,2,3,NIFTYBEES,1.6910557069589736,4.886074338655868
2021-08-10,2021-08-16,3,7,BANKBEES,0.15721737865651614,3.3028038893939167
2021-08-17,2021-08-23,1,6,ITBEES,1.585905808008355,10.405363028472703
2021-08-17,2021-08-23,2,3,NIFTYBEES,-0.4527402280553952,4.152050352933114
2021-08-17,2021-08-23,3,7,BANKBEES,-2.0229128445093187,1.3598626298307632
2021-08-24,2021-08-30,1,6,ITBEES,1.079028643936901,8.312499523162842
2021-08-24,2021-08-30,2,3,NIFTYBEES,1.7329769831727344,4.081867346574841
2021-08-24,2021-08-30,3,16,INFRABEES,2.211894702082412,3.064845601865435
2021-08-31,2021-09-06,1,12,FMCGIETF,2.2764170500822787,8.874540604947358
2021-08-31,2021-09-06,2,6,ITBEES,2.8538812039724233,8.586931023627333
2021-08-31,2021-09-06,3,10,JUNIORBEES,2.638974269520826,7.474177602942697
2021-09-07,2021-09-13,1,10,JUNIORBEES,1.3166558485386857,9.276827477872455
2021-09-07,2021-09-13,2,16,INFRABEES,-0.10726160131659902,9.003621601870913
2021-09-07,2021-09-13,3,13,MID150BEES,1.2450423388734322,8.383233753549337
2021-09-14,2021-09-20,1,16,INFRABEES,0.302868091657967,5.738731072510706
2021-09-14,2021-09-20,2,12,FMCGIETF,1.755200156562036,5.3980332004540905
2021-09-14,2021-09-20,3,6,ITBEES,0.36120379926447044,4.21234590565547
2021-09-21,2021-09-27,1,7,BANKBEES,2.3601192934681983,3.8978951850079167
2021-09-21,2021-09-27,2,16,INFRABEES,1.8213485947724997,3.4358503089279333
2021-09-21,2021-09-27,3,13,MID150BEES,2.441856576940531,2.939058583750981
2021-09-28,2021-10-04,1,8,PSUBNKBEES,6.323808942522321,9.236793271321732
2021-09-28,2021-10-04,2,16,INFRABEES,1.120592064996729,4.788130360684626
2021-09-28,2021-10-04,3,13,MID150BEES,2.64428925451775,4.116908810312124
2021-10-05,2021-10-11,1,8,PSUBNKBEES,1.2612626359269425,8.788232537625092
2021-10-05,2021-10-11,2,13,MID150BEES,1.4539572107800407,6.669049744115865
2021-10-05,2021-10-11,3,16,INFRABEES,0.8037602473788775,5.441090716404797
2021-10-12,2021-10-18,1,8,PSUBNKBEES,6.595310135160946,19.697556197632967
2021-10-12,2021-10-18,2,13,MID150BEES,3.0103972944549118,8.155072091883678
2021-10-12,2021-10-18,3,16,INFRABEES,2.8215869759582115,5.347088970035354
2021-10-19,2021-10-25,1,8,PSUBNKBEES,5.059021987516483,11.608741629637041
2021-10-19,2021-10-25,2,7,BANKBEES,3.89646658157614,9.366430212853508
2021-10-19,2021-10-25,3,2,GOLDBEES,0.922332672520375,3.3300201210104587
2021-10-26,2021-11-01,1,8,PSUBNKBEES,-0.5092293030668309,11.245550905742837
2021-10-26,2021-11-01,2,7,BANKBEES,-3.0793749871374296,4.199366809037619
2021-10-26,2021-11-01,3,2,GOLDBEES,-0.9121485105786427,1.4250565245334237
2021-11-02,2021-11-08,1,8,PSUBNKBEES,3.6095344919987142,6.932288383938209
2021-11-02,2021-11-08,2,2,GOLDBEES,0.12062541891495286,1.2689127954423955
2021-11-02,2021-11-08,3,31,LIQUIDBEES,0.0,0.21924570364476392
2021-11-09,2021-11-15,1,10,JUNIORBEES,1.3535571643257327,5.811387825596452
2021-11-09,2021-11-15,2,6,ITBEES,1.609822995972554,4.871876763465017
2021-11-09,2021-11-15,3,13,MID150BEES,-0.43556770049936544,4.8010407655846725
2021-11-16,2021-11-22,1,2,GOLDBEES,-1.3317750116468592,2.301358505407481
2021-11-16,2021-11-22,2,6,ITBEES,-2.6716537318908893,1.2788408920261483
2021-11-16,2021-11-22,3,10,JUNIORBEES,-3.371266322252653,0.7582566423106605
2021-11-23,2021-11-29,1,2,GOLDBEES,0.6773071559346547,0.289154052734375
2021-11-23,2021-11-29,2,31,LIQUIDBEES,0.0,0.0
2021-11-23,2021-11-29,3,11,PHARMABEES,1.1808106653866552,-1.2247844012412883
2021-11-30,2021-12-06,1,31,LIQUIDBEES,0.0009753529748229608,0.21187351822840608
2021-11-30,2021-12-06,2,2,GOLDBEES,-0.505900007140496,-3.1653041981703405
2021-11-30,2021-12-06,3,6,ITBEES,-0.6119644395944558,-4.054785360290663
2021-12-07,2021-12-13,1,13,MID150BEES,2.7830462044451645,3.0049248167654055
2021-12-07,2021-12-13,2,8,PSUBNKBEES,3.932388405136117,2.657576726265841
2021-12-07,2021-12-13,3,11,PHARMABEES,1.6541373223593385,1.4253603536765254
2021-12-14,2021-12-20,1,6,ITBEES,-0.08156275229068533,3.2013461671130896
2021-12-14,2021-12-20,2,2,GOLDBEES,0.7460923681907308,0.5766498909804955
2021-12-14,2021-12-20,3,31,LIQUIDBEES,0.0,0.21187351822840608
2021-12-21,2021-12-27,1,6,ITBEES,3.5742867233787,8.676188996738878
2021-12-21,2021-12-27,2,11,PHARMABEES,2.927930572508175,3.0827055754309405
2021-12-21,2021-12-27,3,3,NIFTYBEES,1.7084630232316225,0.8414887662675447
2021-12-28,2022-01-03,1,6,ITBEES,2.040814340536656,8.607108366398185
2021-12-28,2022-01-03,2,11,PHARMABEES,2.532564321262659,4.807689323390667
2021-12-28,2022-01-03,3,3,NIFTYBEES,2.37251642326455,1.5008022436511175
2022-01-04,2022-01-10,1,8,PSUBNKBEES,5.150663161172959,11.437058629049096
2022-01-04,2022-01-10,2,7,BANKBEES,4.00700690494653,10.788452740792373
2022-01-04,2022-01-10,3,3,NIFTYBEES,0.9820218869982293,8.014235544219707
2022-01-11,2022-01-17,1,8,PSUBNKBEES,1.1682256080278752,11.147777620638925
2022-01-11,2022-01-17,2,7,BANKBEES,-0.29242162985019277,9.323568585840516
2022-01-11,2022-01-17,3,16,INFRABEES,3.3542415460395048,8.683064633956436
2022-01-18,2022-01-24,1,8,PSUBNKBEES,-3.340013300475633,2.1171502407876206
2022-01-18,2022-01-24,2,7,BANKBEES,-3.2547427910187388,1.4530250438479069
2022-01-18,2022-01-24,3,2,GOLDBEES,1.2524095665476778,0.7428741353741278
2022-01-25,2022-01-31,1,8,PSUBNKBEES,7.929659714821631,8.397196038638397
2022-01-25,2022-01-31,2,2,GOLDBEES,-1.9258234589725514,0.4382768602709912
2022-01-25,2022-01-31,3,31,LIQUIDBEES,0.2400715253943991,0.2400715253943991
2022-02-01,2022-02-07,1,8,PSUBNKBEES,1.9141677788450713,8.90794755250542
2022-02-01,2022-02-07,2,2,GOLDBEES,0.19254351991258237,0.24079530883158012
2022-02-01,2022-02-07,3,31,LIQUIDBEES,0.001021409755498961,0.2400715253943991
2022-02-08,2022-02-14,1,8,PSUBNKBEES,-8.117075064126974,5.21769247068539
2022-02-08,2022-02-14,2,2,GOLDBEES,2.7259669965744346,2.1883876044482053
2022-02-08,2022-02-14,3,11,PHARMABEES,-0.9665436154977964,1.91277739737822
2022-02-15,2022-02-21,1,2,GOLDBEES,0.8895066539319598,4.4848447857481055
2022-02-15,2022-02-21,2,28,CONSUMIETF,-0.37426533994789124,0.3043464992357337
2022-02-15,2022-02-21,3,12,FMCGIETF,-0.5734382585839238,0.07932850642016183
2022-02-22,2022-02-28,1,1,SILVERBEES,0.8710492310142419,4.986236026440416
2022-02-22,2022-02-28,2,2,GOLDBEES,0.48409193015674645,4.7081408459867555
2022-02-22,2022-02-28,3,31,LIQUIDBEES,0.007113830494898182,0.007113830494898182
2022-03-01,2022-03-07,1,1,SILVERBEES,8.511957443859831,9.79873110864668
2022-03-01,2022-03-07,2,2,GOLDBEES,5.528790637705539,7.076352375030924
2022-03-01,2022-03-07,3,31,LIQUIDBEES,-0.0009781720194613076,0.006135588889937461
2022-03-08,2022-03-14,1,1,SILVERBEES,-2.933673138388744,7.9943233068506
2022-03-08,2022-03-14,2,6,ITBEES,2.7684611994812607,4.433081654362398
2022-03-08,2022-03-14,3,2,GOLDBEES,-2.808623790455267,3.573088097559957
2022-03-15,2022-03-21,1,6,ITBEES,0.7775690281737812,4.5520077001716
2022-03-15,2022-03-21,2,11,PHARMABEES,1.7910502360059322,4.52107390011208
2022-03-15,2022-03-21,3,21,MOMOMENTUM,2.850218968572888,3.9431189253434655
2022-03-22,2022-03-28,1,8,PSUBNKBEES,0.608932031217284,10.55762153480305
2022-03-22,2022-03-28,2,11,PHARMABEES,0.5162219222571192,8.432779994840903
2022-03-22,2022-03-28,3,7,BANKBEES,-1.6942238011249684,8.221522612448531
2022-03-29,2022-04-04,1,7,BANKBEES,7.456773248173663,9.285878860075044
2022-03-29,2022-04-04,2,13,MID150BEES,3.4033097738714186,7.026625570264774
2022-03-29,2022-04-04,3,16,INFRABEES,3.4895850224810205,7.021537132007401
2022-04-05,2022-04-11,1,10,JUNIORBEES,2.723608015889376,8.40524866091715
2022-04-05,2022-04-11,2,13,MID150BEES,1.490376449744173,8.208481922255546
2022-04-05,2022-04-11,3,8,PSUBNKBEES,2.2065833597954825,8.155668052910046
2022-04-12,2022-04-18,1,12,FMCGIETF,0.8954171848398397,7.432939262806408
2022-04-12,2022-04-18,2,10,JUNIORBEES,-0.1008731611342683,6.374331715415246
2022-04-12,2022-04-18,3,28,CONSUMIETF,-0.11283755900271225,5.074181144687615
2022-04-19,2022-04-25,1,2,GOLDBEES,-2.348843034166098,1.537766364550473
2022-04-19,2022-04-25,2,9,AUTOBEES,2.5147260079544833,1.3774665049331862
2022-04-19,2022-04-25,3,12,FMCGIETF,-1.4930011278209339,0.4631842027713674
2022-04-26,2022-05-02,1,9,AUTOBEES,-0.8905512439636297,1.9606040858744784
2022-04-26,2022-05-02,2,31,LIQUIDBEES,0.21767275433748878,0.21662280822609828
2022-04-26,2022-05-02,3,12,FMCGIETF,1.2294363430315793,0.11901129141709396
2022-05-03,2022-05-09,1,31,LIQUIDBEES,0.0010239202081178686,0.21869890334092587
2022-05-03,2022-05-09,2,9,AUTOBEES,-5.490161344314524,-2.2672387838084713
2022-05-03,2022-05-09,3,12,FMCGIETF,-3.4652046766043902,-3.3403105115745255
2022-05-10,2022-05-16,1,31,LIQUIDBEES,0.0,0.217648946478925
2022-05-10,2022-05-16,2,12,FMCGIETF,-0.34173518650675033,-0.31797228734756755
2022-05-10,2022-05-16,3,9,AUTOBEES,2.281404487316132,-2.288894813431185
2022-05-17,2022-05-23,1,12,FMCGIETF,3.7253966612537175,0.6537593825984791
2022-05-17,2022-05-23,2,2,GOLDBEES,1.6306822910962655,0.20380469406447443
2022-05-17,2022-05-23,3,22,MONQ50,0.23269135659275408,0.0774387214878161
2022-05-24,2022-05-30,1,9,AUTOBEES,3.7293328283635767,9.745198678703188
2022-05-24,2022-05-30,2,12,FMCGIETF,2.1465456826007943,5.342893868138385
2022-05-24,2022-05-30,3,22,MONQ50,2.265689383174378,4.885805310270893
2022-05-31,2022-06-06,1,9,AUTOBEES,-0.1633520901038663,8.371442923905779
2022-05-31,2022-06-06,2,7,BANKBEES,-0.3215686796560513,5.21547050306626
2022-05-31,2022-06-06,3,3,NIFTYBEES,0.15566730799900916,4.659262642287118
2022-06-07,2022-06-13,1,9,AUTOBEES,-1.7111240469533135,0.7465387918478431
2022-06-07,2022-06-13,2,22,MONQ50,-1.0462226369666445,0.6384249174349382
2022-06-07,2022-06-13,3,8,PSUBNKBEES,-3.705019663290109,0.29684571963377204
2022-06-14,2022-06-20,1,31,LIQUIDBEES,0.0,0.2777974287716709
2022-06-14,2022-06-20,2,2,GOLDBEES,0.5737893085863347,-0.3638013848964528
2022-06-14,2022-06-20,3,22,MONQ50,-0.09596782826276339,-1.439125386228156
2022-06-21,2022-06-27,1,22,MONQ50,0.8577978856134718,1.0504186987190602
2022-06-21,2022-06-27,2,9,AUTOBEES,6.323248027409538,0.783668628307563
2022-06-21,2022-06-27,3,12,FMCGIETF,1.8801442881044395,0.7722899820251259
2022-06-28,2022-07-04,1,12,FMCGIETF,4.677042169264767,7.458422141723011
2022-06-28,2022-07-04,2,9,AUTOBEES,-1.0661553418217817,5.213816825740096
2022-06-28,2022-07-04,3,28,CONSUMIETF,1.9944281590548012,4.712443494579822
2022-07-05,2022-07-11,1,8,PSUBNKBEES,6.966618699200665,15.291356644808864
2022-07-05,2022-07-11,2,9,AUTOBEES,5.288745859167876,14.350562825100976
2022-07-05,2022-07-11,3,12,FMCGIETF,3.782773851307014,11.42235541202179
2022-07-12,2022-07-18,1,12,FMCGIETF,1.982821716462807,8.363451337505335
2022-07-12,2022-07-18,2,28,CONSUMIETF,3.112296598507321,8.16176919376149
2022-07-12,2022-07-18,3,8,PSUBNKBEES,0.23761576492969746,7.57741299050995
2022-07-19,2022-07-25,1,8,PSUBNKBEES,1.8199905920121222,11.809592826816766
2022-07-19,2022-07-25,2,13,MID150BEES,1.389518455014011,8.440993393885309
2022-07-19,2022-07-25,3,21,MOMOMENTUM,1.330267223226575,8.42987414649443
2022-07-26,2022-08-01,1,21,MOMOMENTUM,4.714290073939733,8.342209071532567
2022-07-26,2022-08-01,2,13,MID150BEES,4.524112545490283,7.444533921060378
2022-07-26,2022-08-01,3,3,NIFTYBEES,4.846868458232172,7.036264799350339
2022-08-02,2022-08-08,1,6,ITBEES,3.0605458836960207,9.663715193756914
2022-08-02,2022-08-08,2,21,MOMOMENTUM,0.7853995157760214,8.293570074584418
2022-08-02,2022-08-08,3,7,BANKBEES,0.5672927768049887,8.085583736293975
2022-08-09,2022-08-15,1,21,MOMOMENTUM,1.8165171037618344,7.666509274639548
2022-08-09,2022-08-15,2,7,BANKBEES,2.183926571448809,6.6432640870810005
2022-08-09,2022-08-15,3,3,NIFTYBEES,1.084966401311365,6.282372685271804
2022-08-16,2022-08-22,1,21,MOMOMENTUM,-0.6287604801741669,3.492493113248729
2022-08-16,2022-08-22,2,10,JUNIORBEES,-1.2236352390771672,2.214756510497044
2022-08-16,2022-08-22,3,13,MID150BEES,-2.1617531013002256,1.2699794563309936
2022-08-23,2022-08-29,1,8,PSUBNKBEES,2.6191224667669033,3.897767573293072
2022-08-23,2022-08-29,2,21,MOMOMENTUM,0.10489666852782802,2.5689188182126728
2022-08-23,2022-08-29,3,10,JUNIORBEES,0.6108667743438666,2.4380863797593255
2022-08-30,2022-09-05,1,8,PSUBNKBEES,1.2316005891753357,5.411327765847982
2022-08-30,2022-09-05,2,21,MOMOMENTUM,1.2615903103546933,3.8004815640077823
2022-08-30,2022-09-05,3,28,CONSUMIETF,-0.21125657557660854,3.372815057014697
2022-09-06,2022-09-12,1,8,PSUBNKBEES,4.355559172453704,13.870031921110137
2022-09-06,2022-09-12,2,13,MID150BEES,2.0469991453553678,6.321443401764876
2022-09-06,2022-09-12,3,7,BANKBEES,2.2355143229166665,5.896018392792375
2022-09-13,2022-09-19,1,8,PSUBNKBEES,1.4496825386842613,9.747841710711052
2022-09-13,2022-09-19,2,7,BANKBEES,0.09444368861575925,6.593946929885829
2022-09-13,2022-09-19,3,21,MOMOMENTUM,-1.287448540781466,4.453761709432187
2022-09-20,2022-09-26,1,1,SILVERBEES,-1.2861758245637205,3.444403249076746
2022-09-20,2022-09-26,2,12,FMCGIETF,-0.24958664337418018,0.40375107042891767
2022-09-20,2022-09-26,3,31,LIQUIDBEES,0.0009757485476194987,0.0009757485476194987
2022-09-27,2022-10-03,1,11,PHARMABEES,4.238618301055375,3.18570202842157
2022-09-27,2022-10-03,2,1,SILVERBEES,3.3430234774374936,2.4311224896364987
2022-09-27,2022-10-03,3,31,LIQUIDBEES,0.36065928925344487,0.36065928925344487
2022-10-04,2022-10-10,1,11,PHARMABEES,-1.3473005698132805,5.524423912746357
2022-10-04,2022-10-10,2,1,SILVERBEES,-3.2713403865323327,4.1852980843751535
2022-10-04,2022-10-10,3,6,ITBEES,2.006334733845979,4.169661610844381
2022-10-11,2022-10-17,1,6,ITBEES,1.6853916782002771,4.397978815503485
2022-10-11,2022-10-17,2,11,PHARMABEES,1.1574044605614096,4.047613172754767
2022-10-11,2022-10-17,3,8,PSUBNKBEES,3.4620131410713406,3.27217024421878
2022-10-18,2022-10-24,1,8,PSUBNKBEES,5.7752452095977995,15.03713074332068
2022-10-18,2022-10-24,2,7,BANKBEES,2.330498011122605,7.9869407417413205
2022-10-18,2022-10-24,3,6,ITBEES,1.264521288415947,6.928907036196261
2022-10-25,2022-10-31,1,8,PSUBNKBEES,0.7105275204307154,15.375346910911574
2022-10-25,2022-10-31,2,9,AUTOBEES,3.4374760324771736,5.500582175975737
2022-10-25,2022-10-31,3,7,BANKBEES,0.44776843110605,5.478035836824531
2022-11-01,2022-11-07,1,8,PSUBNKBEES,7.331770496057496,21.379926333531504
2022-11-01,2022-11-07,2,25,HDFCMOMENT,1.96058462663386,8.931421333730553
2022-11-01,2022-11-07,3,1,SILVERBEES,2.6532062655588327,8.015130991082664
2022-11-08,2022-11-14,1,8,PSUBNKBEES,1.3173873596442272,11.699834422851083
2022-11-08,2022-11-14,2,1,SILVERBEES,1.9676509607413781,7.412614084106134
2022-11-08,2022-11-14,3,22,MONQ50,3.080610220290175,4.991843636590873
2022-11-15,2022-11-21,1,8,PSUBNKBEES,3.759587099197571,13.221848217314339
2022-11-15,2022-11-21,2,1,SILVERBEES,-2.9944941901504984,4.937838670436077
2022-11-15,2022-11-21,3,22,MONQ50,1.8206442131752976,4.037207529803409
2022-11-22,2022-11-28,1,8,PSUBNKBEES,2.089005789781774,9.685282369947817
2022-11-22,2022-11-28,2,22,MONQ50,2.1948464275843893,6.181236344944771
2022-11-22,2022-11-28,3,6,ITBEES,3.269042154337488,5.722895046351191
2022-11-29,2022-12-05,1,8,PSUBNKBEES,2.399470942743858,10.980018076870792
2022-11-29,2022-12-05,2,1,SILVERBEES,6.3715105117004205,6.475877327323974
2022-11-29,2022-12-05,3,22,MONQ50,1.1457490165726523,4.502231224108473
2022-12-06,2022-12-12,1,8,PSUBNKBEES,2.881541798905438,11.239323161981565
2022-12-06,2022-12-12,2,1,SILVERBEES,3.103552368259388,10.312031159195662
2022-12-06,2022-12-12,3,12,FMCGIETF,2.1907629394490926,5.658265362143498
2022-12-13,2022-12-19,1,1,SILVERBEES,0.045402345822499336,7.617194375780099
2022-12-13,2022-12-19,2,8,PSUBNKBEES,-3.9329231677020573,7.028469554625601
2022-12-13,2022-12-19,3,12,FMCGIETF,-0.5613561241700223,4.0796419316938985
2022-12-20,2022-12-26,1,1,SILVERBEES,-0.43277258063322493,2.472739356871693
2022-12-20,2022-12-26,2,2,GOLDBEES,-0.12834518351019383,1.3017975095133618
2022-12-20,2022-12-26,3,8,PSUBNKBEES,-2.5598011426963314,0.7593805011116751
2022-12-27,2023-01-02,1,1,SILVERBEES,-0.44137567510655557,2.3596998096979056
2022-12-27,2023-01-02,2,2,GOLDBEES,0.6400666607578331,2.1216704294718283
2022-12-27,2023-01-02,3,31,LIQUIDBEES,0.44687048153928716,0.44786689863262663
2023-01-03,2023-01-09,1,2,GOLDBEES,1.0077672296288323,3.6406775270767913
2023-01-03,2023-01-09,2,1,SILVERBEES,-1.0484945972063995,2.7676862154316155
2023-01-03,2023-01-09,3,11,PHARMABEES,0.8627424053117341,0.5473001957231994
2023-01-10,2023-01-16,1,2,GOLDBEES,1.5429559895600102,4.304995063933561
2023-01-10,2023-01-16,2,8,PSUBNKBEES,3.5898498549275235,3.768303298341453
2023-01-10,2023-01-16,3,6,ITBEES,2.9372009022106504,3.1461445263126038
2023-01-17,2023-01-23,1,6,ITBEES,2.090135114654884,4.653496319366395
2023-01-17,2023-01-23,2,2,GOLDBEES,0.5567019747704575,3.3919914160007996
2023-01-17,2023-01-23,3,9,AUTOBEES,-0.06185389927311346,1.0791345660441702
2023-01-24,2023-01-30,1,6,ITBEES,-0.4445836477167632,4.954802479591466
2023-01-24,2023-01-30,2,22,MONQ50,1.0918709388500139,3.4283564267511974
2023-01-24,2023-01-30,3,9,AUTOBEES,0.7942517693156409,2.4291730506468614
2023-01-31,2023-02-06,1,12,FMCGIETF,4.033753416184563,4.811894912647624
2023-01-31,2023-02-06,2,9,AUTOBEES,0.21562441392535484,4.740446418026337
2023-01-31,2023-02-06,3,6,ITBEES,2.0322553573116178,3.7389288232409528
2023-02-07,2023-02-13,1,22,MONQ50,0.3071399969813235,5.471126712591834
2023-02-07,2023-02-13,2,12,FMCGIETF,-0.5856290589812532,2.9549759683705554
2023-02-07,2023-02-13,3,9,AUTOBEES,-0.7629622663130594,2.6380967097511645
2023-02-14,2023-02-20,1,6,ITBEES,2.291998244400884,3.923449552211128
2023-02-14,2023-02-20,2,22,MONQ50,-0.03606285267550875,3.2402194395691226
2023-02-14,2023-02-20,3,12,FMCGIETF,-0.38402521515455007,3.0592009764331762
2023-02-21,2023-02-27,1,31,LIQUIDBEES,0.0,0.0
2023-02-21,2023-02-27,2,25,HDFCMOMENT,-1.5122257061211377,-0.5406316192318834
2023-02-21,2023-02-27,3,16,INFRABEES,-2.3235437342484087,-0.5888228690037799
2023-02-28,2023-03-06,1,8,PSUBNKBEES,8.32098501699942,3.540240825616832
2023-02-28,2023-03-06,2,25,HDFCMOMENT,5.025997716555844,2.521283061517408
2023-02-28,2023-03-06,3,21,MOMOMENTUM,4.022193602292247,2.4030614248571807
2023-03-07,2023-03-13,1,25,HDFCMOMENT,-2.187795770530904,0.9338098160196961
2023-03-07,2023-03-13,2,2,GOLDBEES,2.0698261046830093,0.9094638631559783
2023-03-07,2023-03-13,3,31,LIQUIDBEES,0.0,0.43693549974372253
2023-03-14,2023-03-20,1,1,SILVERBEES,4.128782197782669,7.439193294913088
2023-03-14,2023-03-20,2,2,GOLDBEES,3.623038348460514,7.314505314402549
2023-03-14,2023-03-20,3,25,HDFCMOMENT,-0.7084781897283914,1.3112982273574623
2023-03-21,2023-03-27,1,1,SILVERBEES,1.5736305656013527,7.376015157255085
2023-03-21,2023-03-27,2,2,GOLDBEES,-0.15847467726398848,5.3731958947063845
2023-03-21,2023-03-27,3,11,PHARMABEES,2.2052606422652765,0.6683368581570822
2023-03-28,2023-04-03,1,1,SILVERBEES,3.0449449647111173,11.55309206309594
2023-03-28,2023-04-03,2,2,GOLDBEES,0.7736548121978597,4.055713958650932
2023-03-28,2023-04-03,3,11,PHARMABEES,1.5820114634668103,3.829785610767121
2023-04-04,2023-04-10,1,1,SILVERBEES,4.048868445565316,8.35922744785169
2023-04-04,2023-04-10,2,11,PHARMABEES,2.0491803599057485,5.419130964511931
2023-04-04,2023-04-10,3,7,BANKBEES,0.18430287717927202,3.9425385610177663
2023-04-11,2023-04-17,1,8,PSUBNKBEES,4.240528442478545,10.012640103319944
2023-04-11,2023-04-17,2,1,SILVERBEES,1.4272163328983705,9.061684804970948
2023-04-11,2023-04-17,3,9,AUTOBEES,1.9751113262687279,7.6948369917817185
2023-04-18,2023-04-24,1,8,PSUBNKBEES,0.8016456146227849,6.073744374838813
2023-04-18,2023-04-24,2,1,SILVERBEES,-0.01357510340532142,4.6597511120013335
2023-04-18,2023-04-24,3,7,BANKBEES,0.9791273664061594,4.53961283370854
2023-04-25,2023-05-01,1,8,PSUBNKBEES,3.2518518905080085,12.101293541839157
2023-04-25,2023-05-01,2,7,BANKBEES,1.2546681582313663,5.681020730353529
2023-04-25,2023-05-01,3,21,MOMOMENTUM,1.65051374990056,4.751615221465622
2023-05-02,2023-05-08,1,25,HDFCMOMENT,-0.21403362699615275,4.756045184123129
2023-05-02,2023-05-08,2,16,INFRABEES,1.2887388266034132,4.628772658780124
2023-05-02,2023-05-08,3,21,MOMOMENTUM,0.7932383420397189,4.621508083003756
2023-05-09,2023-05-15,1,9,AUTOBEES,2.9580692147296173,8.818567853909451
2023-05-09,2023-05-15,2,10,JUNIORBEES,1.5262294550644162,6.007191363908832
2023-05-09,2023-05-15,3,28,CONSUMIETF,2.2939302216954025,5.988987527010741
2023-05-16,2023-05-22,1,9,AUTOBEES,0.03565025931565645,5.52003931000025
2023-05-16,2023-05-22,2,6,ITBEES,2.679786050863062,4.885654253612066
2023-05-16,2023-05-22,3,25,HDFCMOMENT,0.8646917595803139,3.647698798097865
2023-05-23,2023-05-29,1,6,ITBEES,1.39257320430651,5.013732975260077
2023-05-23,2023-05-29,2,12,FMCGIETF,3.0501687705879785,4.479589307669084
2023-05-23,2023-05-29,3,25,HDFCMOMENT,2.5383219358988987,4.182627395473035
2023-05-30,2023-06-05,1,25,HDFCMOMENT,1.6042764735749437,4.744081305609701
2023-05-30,2023-06-05,2,13,MID150BEES,1.4496147188391761,4.227719437185384
2023-05-30,2023-06-05,3,6,ITBEES,0.09803522523823625,4.1836719666522795
2023-06-06,2023-06-12,1,21,MOMOMENTUM,0.644854226537994,6.333581261375869
2023-06-06,2023-06-12,2,25,HDFCMOMENT,1.4230838710742317,5.760265397510588
2023-06-06,2023-06-12,3,9,AUTOBEES,-0.3559666743700203,5.7372982622967506
2023-06-13,2023-06-19,1,21,MOMOMENTUM,0.606056671994201,6.226922748673799
2023-06-13,2023-06-19,2,13,MID150BEES,1.2078023807144478,5.944720859055231
2023-06-13,2023-06-19,3,11,PHARMABEES,2.054790692806632,5.25902738093331
2023-06-20,2023-06-26,1,11,PHARMABEES,0.8961903098002747,3.3664923055190235
2023-06-20,2023-06-26,2,13,MID150BEES,-0.8778418876054416,3.2265475972359523
2023-06-20,2023-06-26,3,16,INFRABEES,-0.9826202015565201,2.4520672720151717
2023-06-27,2023-07-03,1,11,PHARMABEES,2.7306264232533244,7.159355824189732
2023-06-27,2023-07-03,2,8,PSUBNKBEES,5.6275134579251995,4.971144685977026
2023-06-27,2023-07-03,3,12,FMCGIETF,1.9998096053867493,3.8464500444420846
2023-07-04,2023-07-10,1,8,PSUBNKBEES,1.946174857669536,8.649607259574326
2023-07-04,2023-07-10,2,9,AUTOBEES,1.6986842708659406,5.069193435723262
2023-07-04,2023-07-10,3,11,PHARMABEES,-0.143681448664164,3.6539878948076594
2023-07-11,2023-07-17,1,8,PSUBNKBEES,1.1982131041354216,12.305618730241402
2023-07-11,2023-07-17,2,6,ITBEES,6.22758966419781,8.78130551291883
2023-07-11,2023-07-17,3,1,SILVERBEES,5.442853655133929,7.783285543779832
2023-07-18,2023-07-24,1,8,PSUBNKBEES,2.850211871072335,7.568714352641429
2023-07-18,2023-07-24,2,1,SILVERBEES,-1.1073594342070097,6.905114389684079
2023-07-18,2023-07-24,3,11,PHARMABEES,2.1800243327784092,4.382181417628642
2023-07-25,2023-07-31,1,11,PHARMABEES,4.61114995600168,9.35251961447406
2023-07-25,2023-07-31,2,25,HDFCMOMENT,3.319465741310078,5.29092660118208
2023-07-25,2023-07-31,3,16,INFRABEES,2.0431730934964936,4.362215779131677
2023-08-01,2023-08-07,1,11,PHARMABEES,3.4868403922487605,10.618841398397706
2023-08-01,2023-08-07,2,13,MID150BEES,1.350694900142977,3.413320670702481
2023-08-01,2023-08-07,3,16,INFRABEES,-0.33636522588768747,2.9713044095421286
2023-08-08,2023-08-14,1,11,PHARMABEES,-1.7056191117538824,7.088786686680044
2023-08-08,2023-08-14,2,6,ITBEES,0.5871403681253521,3.629415457454588
2023-08-08,2023-08-14,3,13,MID150BEES,-0.31007523729818615,2.7848808766150808
2023-08-15,2023-08-21,1,6,ITBEES,-0.27649817111337716,4.541062422085881
2023-08-15,2023-08-21,2,11,PHARMABEES,0.0,2.368425097822203
2023-08-15,2023-08-21,3,13,MID150BEES,1.0920665683163062,2.358454147653693
2023-08-22,2023-08-28,1,8,PSUBNKBEES,0.21709219326354703,3.632650569993622
2023-08-22,2023-08-28,2,13,MID150BEES,0.6775985821878299,2.59632254983814
2023-08-22,2023-08-28,3,1,SILVERBEES,2.1564573284020594,2.0270304375678942
2023-08-29,2023-09-04,1,13,MID150BEES,2.4076160708173178,5.543271135237933
2023-08-29,2023-09-04,2,25,HDFCMOMENT,2.9860754131546585,4.802589336366637
2023-08-29,2023-09-04,3,1,SILVERBEES,-0.3576862395073525,4.486440600177572
2023-09-05,2023-09-11,1,13,MID150BEES,2.559622056252666,8.484892744563417
2023-09-05,2023-09-11,2,21,MOMOMENTUM,3.089147253544209,8.474579874021991
2023-09-05,2023-09-11,3,9,AUTOBEES,2.6577034021445107,6.343016596747203
2023-09-12,2023-09-18,1,8,PSUBNKBEES,10.25057231320547,14.375744835059038
2023-09-12,2023-09-18,2,6,ITBEES,0.40368912461498285,7.801859186647472
2023-09-12,2023-09-18,3,9,AUTOBEES,2.987270362744643,7.159239167620422
2023-09-19,2023-09-25,1,8,PSUBNKBEES,-0.15495893552084672,12.427296665105683
2023-09-19,2023-09-25,2,21,MOMOMENTUM,-0.5614384118339139,2.2197558644514834
2023-09-19,2023-09-25,3,28,CONSUMIETF,-1.0528704484587583,1.8734491415515582
2023-09-26,2023-10-02,1,8,PSUBNKBEES,1.2820475539146512,8.23921662883164
2023-09-26,2023-10-02,2,11,PHARMABEES,2.8233770065671404,0.8370902554809408
2023-09-26,2023-10-02,3,25,HDFCMOMENT,1.0456223052352913,0.5593202481802699
2023-10-03,2023-10-09,1,31,LIQUIDBEES,-0.001001084708651314,0.4436963550439624
2023-10-03,2023-10-09,2,21,MOMOMENTUM,-1.5591617834141656,-0.4750620042736799
2023-10-03,2023-10-09,3,25,HDFCMOMENT,-1.8711208872768776,-1.202747035847744
2023-10-10,2023-10-16,1,21,MOMOMENTUM,0.8149201044685459,2.0846886001684433
2023-10-10,2023-10-16,2,16,INFRABEES,1.193268585528038,2.072058766712845
2023-10-10,2023-10-16,3,25,HDFCMOMENT,1.3893661021286783,1.8389636269573808
2023-10-17,2023-10-23,1,2,GOLDBEES,2.444841003103849,4.564820365607266
2023-10-17,2023-10-23,2,9,AUTOBEES,-1.5187539521537432,0.5472843855124545
2023-10-17,2023-10-23,3,1,SILVERBEES,1.6045774616327821,0.5102049642966814
2023-10-24,2023-10-30,1,2,GOLDBEES,0.9313145784049058,6.423893864635533
2023-10-24,2023-10-30,2,1,SILVERBEES,-0.09870233591583825,2.221903000682474
2023-10-24,2023-10-30,3,9,AUTOBEES,-1.4030887442280067,1.330100937141357
2023-10-31,2023-11-06,1,2,GOLDBEES,-0.5954693913052016,2.9850746268656714
2023-10-31,2023-11-06,2,1,SILVERBEES,-0.38007357683172854,1.506017504273205
2023-10-31,2023-11-06,3,31,LIQUIDBEES,-0.001003233401320667,0.45005431551934244
2023-11-07,2023-11-13,1,8,PSUBNKBEES,3.0711190285566534,8.77558986999734
2023-11-07,2023-11-13,2,21,MOMOMENTUM,3.354841662991431,6.045899596022547
2023-11-07,2023-11-13,3,10,JUNIORBEES,0.9985500207509431,5.15972131622888
2023-11-14,2023-11-20,1,25,HDFCMOMENT,3.168567797138042,8.872045225335848
2023-11-14,2023-11-20,2,21,MOMOMENTUM,2.0391167587043713,8.736147615763379
2023-11-14,2023-11-20,3,13,MID150BEES,2.0508506053260502,7.266128399258692
2023-11-21,2023-11-27,1,21,MOMOMENTUM,0.7361897431920917,6.646459809697887
2023-11-21,2023-11-27,2,25,HDFCMOMENT,0.368853090143252,6.478259874426801
2023-11-21,2023-11-27,3,11,PHARMABEES,-0.06165369485313356,5.947705113682652
2023-11-28,2023-12-04,1,21,MOMOMENTUM,9.006460103482135,12.317931751527803
2023-11-28,2023-12-04,2,25,HDFCMOMENT,4.509182331192602,10.646389732324128
2023-11-28,2023-12-04,3,1,SILVERBEES,2.3702462565979037,9.500225168865532
2023-12-05,2023-12-11,1,8,PSUBNKBEES,2.5261766727926678,9.710117604342962
2023-12-05,2023-12-11,2,25,HDFCMOMENT,1.9033117293008388,9.623261155314337
2023-12-05,2023-12-11,3,10,JUNIORBEES,2.273629874089093,9.435559612966252
2023-12-12,2023-12-18,1,8,PSUBNKBEES,3.4549832939158276,15.251172033678248
2023-12-12,2023-12-18,2,10,JUNIORBEES,2.916024884309778,12.16825950354102
2023-12-12,2023-12-18,3,21,MOMOMENTUM,2.963653508604151,12.139674301043435
2023-12-19,2023-12-25,1,6,ITBEES,0.829102375906539,9.307042413038676
2023-12-19,2023-12-25,2,28,CONSUMIETF,4.074309370264092,6.02150373561408
2023-12-19,2023-12-25,3,10,JUNIORBEES,-0.7669849692478046,5.084463781765055
2023-12-26,2024-01-01,1,6,ITBEES,0.346207911468951,6.44067424016945
2023-12-26,2024-01-01,2,12,FMCGIETF,3.5532115421049113,6.33778996096479
2023-12-26,2024-01-01,3,11,PHARMABEES,1.9631168006557378,5.153375410460275
2024-01-02,2024-01-08,1,18,HEALTHIETF,-0.12724904010189353,4.548048381250795
2024-01-02,2024-01-08,2,12,FMCGIETF,-0.6838521436581537,4.545452073763228
2024-01-02,2024-01-08,3,11,PHARMABEES,-0.45584004093355096,4.485646117227796
2024-01-09,2024-01-15,1,16,INFRABEES,2.945491884755249,7.100198365083788
2024-01-09,2024-01-15,2,18,HEALTHIETF,1.2545120499672997,6.847621372767858
2024-01-09,2024-01-15,3,11,PHARMABEES,1.0783122455132115,6.838628580869694
2024-01-16,2024-01-22,1,16,INFRABEES,0.787177023690358,4.976169284506389
2024-01-16,2024-01-22,2,6,ITBEES,1.0046352207994356,4.060506281595523
2024-01-16,2024-01-22,3,18,HEALTHIETF,0.5234201279970212,3.0720826355135293
2024-01-23,2024-01-29,1,16,INFRABEES,5.178905719339577,7.545044478027847
2024-01-23,2024-01-29,2,8,PSUBNKBEES,4.357936433468855,6.3537228207343714
2024-01-23,2024-01-29,3,6,ITBEES,0.10348537969215148,5.970967968766081
2024-01-30,2024-02-05,1,8,PSUBNKBEES,7.314917146884444,11.236292964566875
2024-01-30,2024-02-05,2,18,HEALTHIETF,4.091032262549536,4.777609852670199
2024-01-30,2024-02-05,3,25,HDFCMOMENT,2.0746901102588646,4.643748372229003
2024-02-06,2024-02-12,1,8,PSUBNKBEES,1.2529308777669688,11.474912164240726
2024-02-06,2024-02-12,2,18,HEALTHIETF,2.3576922970676493,9.130081896643244
2024-02-06,2024-02-12,3,11,PHARMABEES,1.1720794245558785,7.592069017276688
2024-02-13,2024-02-19,1,8,PSUBNKBEES,5.951101773085989,17.20909744910194
2024-02-13,2024-02-19,2,18,HEALTHIETF,0.3834553494928105,8.856057899970489
2024-02-13,2024-02-19,3,9,AUTOBEES,5.496457162610308,8.576640608187637
2024-02-20,2024-02-26,1,8,PSUBNKBEES,-0.8877577194524987,6.96688220281283
2024-02-20,2024-02-26,2,10,JUNIORBEES,0.836930751227589,6.390554081465669
2024-02-20,2024-02-26,3,17,NEXT50IETF,0.6072524700994225,6.165565388130901
2024-02-27,2024-03-04,1,8,PSUBNKBEES,1.7854841578583989,7.750879626435633
2024-02-27,2024-03-04,2,9,AUTOBEES,0.554554077466309,7.3579238101430136
2024-02-27,2024-03-04,3,21,MOMOMENTUM,2.847793325565752,6.725541801352105
2024-03-05,2024-03-11,1,2,GOLDBEES,2.5448542966503367,6.401973729026049
2024-03-05,2024-03-11,2,21,MOMOMENTUM,0.7293468950347968,3.519634813436313
2024-03-05,2024-03-11,3,25,HDFCMOMENT,0.8309310128660994,3.340971265884081
2024-03-12,2024-03-18,1,1,SILVERBEES,0.9868057595303813,5.518447601039619
2024-03-12,2024-03-18,2,2,GOLDBEES,-0.7865545897580764,5.293115090091557
2024-03-12,2024-03-18,3,22,MONQ50,0.6879639457679385,4.718910428894791
2024-03-19,2024-03-25,1,22,MONQ50,2.3167923648891406,5.0438625844085445
2024-03-19,2024-03-25,2,1,SILVERBEES,0.0552269989766731,4.04881497924509
2024-03-19,2024-03-25,3,2,GOLDBEES,0.6833322494956039,3.896831160888345
2024-03-26,2024-04-01,1,2,GOLDBEES,3.5879227089473353,4.124266099831195
2024-03-26,2024-04-01,2,1,SILVERBEES,1.647668430691305,3.1489511522065876
2024-03-26,2024-04-01,3,22,MONQ50,1.186026890796093,2.5185165091306585
2024-04-02,2024-04-08,1,15,ALPHA,1.0818882962108418,10.917138131647194
2024-04-02,2024-04-08,2,1,SILVERBEES,7.316095144974254,10.831261657768856
2024-04-02,2024-04-08,3,19,SMALLCAP,2.3926647263347176,10.47044649627195
2024-04-09,2024-04-15,1,1,SILVERBEES,0.5554831951312014,12.405130001848656
2024-04-09,2024-04-15,2,2,GOLDBEES,1.1230393290567984,9.358809978005024
2024-04-09,2024-04-15,3,19,SMALLCAP,-0.6991472397285923,7.752490360609173
2024-04-16,2024-04-22,1,1,SILVERBEES,-1.8941745289923513,8.442523440575641
2024-04-16,2024-04-22,2,2,GOLDBEES,-0.24236179134092684,5.8642009628578515
2024-04-16,2024-04-22,3,19,SMALLCAP,0.5486065430638892,3.7825551783195945
2024-04-23,2024-04-29,1,8,PSUBNKBEES,5.51071241994187,4.1060038690911
2024-04-23,2024-04-29,2,19,SMALLCAP,2.0680804330840274,3.4723741445672767
2024-04-23,2024-04-29,3,17,NEXT50IETF,2.7193184391540224,2.216781634400274
2024-04-30,2024-05-06,1,21,MOMOMENTUM,0.31890522298977036,4.907092707622028
2024-04-30,2024-05-06,2,25,HDFCMOMENT,0.8282223018446052,4.8484801656126155
2024-04-30,2024-05-06,3,10,JUNIORBEES,0.13761710826890056,4.655352313464529
2024-05-07,2024-05-13,1,21,MOMOMENTUM,0.9887213910979716,4.009553434593266
2024-05-07,2024-05-13,2,25,HDFCMOMENT,1.0578723056771338,4.002561698118071
2024-05-07,2024-05-13,3,12,FMCGIETF,-0.7667868356050186,3.6417040159421736
2024-05-14,2024-05-20,1,1,SILVERBEES,2.7007428426493965,6.760673204016234
2024-05-14,2024-05-20,2,9,AUTOBEES,1.5324340734392368,5.097359004922682
2024-05-14,2024-05-20,3,25,HDFCMOMENT,2.5788905110097304,4.513146732720482
2024-05-21,2024-05-27,1,1,SILVERBEES,-2.2629875713699987,11.51918097520839
2024-05-21,2024-05-27,2,21,MOMOMENTUM,2.139959006899108,6.933094157311053
2024-05-21,2024-05-27,3,17,NEXT50IETF,1.6504417816600503,6.882230073666322
2024-05-28,2024-06-03,1,8,PSUBNKBEES,9.335765688982187,15.695122549977011
2024-05-28,2024-06-03,2,15,ALPHA,4.536565746017244,13.455009117790521
2024-05-28,2024-06-03,3,21,MOMOMENTUM,3.5220323933247313,11.060112320275364
2024-06-04,2024-06-10,1,9,AUTOBEES,6.651275972197117,7.750031440079866
2024-06-04,2024-06-10,2,12,FMCGIETF,4.791559231900397,5.7611786349244065
2024-06-04,2024-06-10,3,15,ALPHA,2.3832804325698396,5.28324855887508
2024-06-11,2024-06-17,1,9,AUTOBEES,1.8853210949191537,7.810888628073165
2024-06-11,2024-06-17,2,19,SMALLCAP,3.158751266966152,6.6807125773983564
2024-06-11,2024-06-17,3,13,MID150BEES,2.864476635091013,5.424468879528406
2024-06-18,2024-06-24,1,6,ITBEES,0.9426298520137913,7.331046699674943
2024-06-18,2024-06-24,2,19,SMALLCAP,-0.8801109985113504,7.100593051607889
2024-06-18,2024-06-24,3,9,AUTOBEES,-1.6149278765436759,5.9012147962725265
2024-06-25,2024-07-01,1,6,ITBEES,3.747695979194244,6.4158170944501105
2024-06-25,2024-07-01,2,19,SMALLCAP,1.9302728646843414,6.023352886684737
2024-06-25,2024-07-01,3,7,BANKBEES,0.22301742657558732,5.988489197241524
2024-07-02,2024-07-08,1,6,ITBEES,1.1566484263966306,8.670986074500357
2024-07-02,2024-07-08,2,19,SMALLCAP,3.7079992833260746,6.084555306291485
2024-07-02,2024-07-08,3,7,BANKBEES,0.37709445170049705,4.990822202428297
2024-07-09,2024-07-15,1,22,MONQ50,7.937864956777636,15.686568583442758
2024-07-09,2024-07-15,2,6,ITBEES,3.584770990902084,11.019213229875104
2024-07-09,2024-07-15,3,23,HDFCVALUE,1.0430109718741418,7.192122556006233
2024-07-16,2024-07-22,1,22,MONQ50,-4.227002999700697,10.90799358573
2024-07-16,2024-07-22,2,6,ITBEES,1.5075310830727673,7.9114644797936045
2024-07-16,2024-07-22,3,12,FMCGIETF,0.4883449519950873,6.636578470338274
2024-07-23,2024-07-29,1,24,HDFCGROWTH,3.058028469846775,11.034239514167755
2024-07-23,2024-07-29,2,6,ITBEES,1.8643655089847186,8.650259959816246
2024-07-23,2024-07-29,3,11,PHARMABEES,4.395086540085781,6.818180979713116
2024-07-30,2024-08-05,1,11,PHARMABEES,1.274468345000398,4.952826411667359
2024-07-30,2024-08-05,2,18,HEALTHIETF,0.4828467825518006,4.005665534075838
2024-07-30,2024-08-05,3,12,FMCGIETF,-0.5396214474676315,2.461885442021993
2024-08-06,2024-08-12,1,11,PHARMABEES,3.0027291226456434,7.655723492321675
2024-08-06,2024-08-12,2,18,HEALTHIETF,2.1222857628766754,6.04152412663708
2024-08-06,2024-08-12,3,28,CONSUMIETF,1.8127636199301862,2.0472522628674197
2024-08-13,2024-08-19,1,11,PHARMABEES,0.5307338728236317,2.8972357864536282
2024-08-13,2024-08-19,2,2,GOLDBEES,1.5824892299025506,2.6539663247500265
2024-08-13,2024-08-19,3,1,SILVERBEES,3.3917570599077274,2.0408155515085715
2024-08-20,2024-08-26,1,6,ITBEES,0.11238308647838634,7.845040528619143
2024-08-20,2024-08-26,2,1,SILVERBEES,0.9115922775558447,6.574606855205037
2024-08-20,2024-08-26,3,27,EVINDIA,1.7506730988778019,5.773449001526657
2024-08-27,2024-09-02,1,6,ITBEES,3.2330457950371936,9.973685797602442
2024-08-27,2024-09-02,2,23,HDFCVALUE,1.8961863227088684,5.6880034941384015
2024-08-27,2024-09-02,3,24,HDFCGROWTH,1.7648054105193423,5.113731082126633
2024-09-03,2024-09-09,1,12,FMCGIETF,1.486260103134844,3.633289889959177
2024-09-03,2024-09-09,2,11,PHARMABEES,0.0,3.4315912994020508
2024-09-03,2024-09-09,3,18,HEALTHIETF,0.006812608809617077,3.4133339633441118
2024-09-10,2024-09-16,1,18,HEALTHIETF,1.4559204996111765,4.476988006064963
2024-09-10,2024-09-16,2,11,PHARMABEES,0.8000022486636513,3.99652501302913
2024-09-10,2024-09-16,3,6,ITBEES,1.4241926699638223,3.9290524562830047
2024-09-17,2024-09-23,1,28,CONSUMIETF,3.679738881646308,7.319244236796413
2024-09-17,2024-09-23,2,7,BANKBEES,3.9695882293317406,5.52891216785855
2024-09-17,2024-09-23,3,1,SILVERBEES,-0.03513560583497685,5.513659436426459
2024-09-24,2024-09-30,1,1,SILVERBEES,2.217582402202595,10.367311797022328
2024-09-24,2024-09-30,2,9,AUTOBEES,0.8058897153996414,6.27403030546205
2024-09-24,2024-09-30,3,27,EVINDIA,0.7749726078678459,5.976454809540911
2024-10-01,2024-10-07,1,1,SILVERBEES,2.0075307094666974,3.6989825144075157
2024-10-01,2024-10-07,2,2,GOLDBEES,0.3459682657260879,2.8364257177609664
2024-10-01,2024-10-07,3,25,HDFCMOMENT,-2.6509143359132437,0.8702738396530358
2024-10-08,2024-10-14,1,1,SILVERBEES,0.8327580390629162,3.56180547144251
2024-10-08,2024-10-14,2,11,PHARMABEES,1.5966431945237614,2.675163857856114
2024-10-08,2024-10-14,3,22,MONQ50,0.6170876343994185,2.382868342766791
2024-10-15,2024-10-21,1,1,SILVERBEES,7.999546223832669,7.496590646851155
2024-10-15,2024-10-21,2,2,GOLDBEES,3.0222365905567066,3.52478631842452
2024-10-15,2024-10-21,3,22,MONQ50,1.7848697577061732,0.6560540774182184
2024-10-22,2024-10-28,1,22,MONQ50,2.5955951094084173,5.195222527857321
2024-10-22,2024-10-28,2,1,SILVERBEES,-1.317453663769968,4.696407171989143
2024-10-22,2024-10-28,3,2,GOLDBEES,0.07606179797647529,3.0872862617276833
2024-10-29,2024-11-04,1,1,SILVERBEES,-3.2410283790440837,4.367010563418576
2024-10-29,2024-11-04,2,2,GOLDBEES,-0.42233242202540505,3.1884918965705467
2024-10-29,2024-11-04,3,22,MONQ50,-1.9259686983593816,2.5003933775319913
2024-11-05,2024-11-11,1,22,MONQ50,10.182318006172359,10.661072093276566
2024-11-05,2024-11-11,2,8,PSUBNKBEES,-0.1567843547774074,4.057728252278638
2024-11-05,2024-11-11,3,6,ITBEES,5.547881960406708,3.0568593938995887
2024-11-12,2024-11-18,1,22,MONQ50,-5.397925987375649,3.544911774220784
2024-11-12,2024-11-18,2,31,LIQUIDBEES,0.0,0.3882064051345597
2024-11-12,2024-11-18,3,8,PSUBNKBEES,-3.1445709718679176,0.19296951586419742
2024-11-19,2024-11-25,1,22,MONQ50,3.000146799538957,9.558151776257178
2024-11-19,2024-11-25,2,6,ITBEES,4.84375451026226,8.126157241229116
2024-11-19,2024-11-25,3,24,HDFCGROWTH,2.9805739164650302,2.7054089896257185
2024-11-26,2024-12-02,1,22,MONQ50,9.394275065775714,9.409619007431893
2024-11-26,2024-12-02,2,26,MODEFENCE,4.893708780694463,5.405013108338934
2024-11-26,2024-12-02,3,19,SMALLCAP,3.4392579293836025,2.6956837555144766
2024-12-03,2024-12-09,1,26,MODEFENCE,2.539164276298252,15.643558879458707
2024-12-03,2024-12-09,2,22,MONQ50,-6.4073443188364205,14.762259242925174
2024-12-03,2024-12-09,3,15,ALPHA,3.675401185249226,12.099149104150312
2024-12-10,2024-12-16,1,22,MONQ50,3.888961221359026,13.723561013571581
2024-12-10,2024-12-16,2,26,MODEFENCE,1.213878028541928,11.903713595101873
2024-12-10,2024-12-16,3,19,SMALLCAP,-0.2813759557583859,7.676728777645642
2024-12-17,2024-12-23,1,22,MONQ50,1.0930308062993561,6.690594008333662
2024-12-17,2024-12-23,2,18,HEALTHIETF,0.8986126831960098,0.767277596644049
2024-12-17,2024-12-23,3,6,ITBEES,-3.8060172928263003,0.5776564684865944
2024-12-24,2024-12-30,1,22,MONQ50,-0.7616012395784729,9.637936414192463
2024-12-24,2024-12-30,2,11,PHARMABEES,3.266550652901413,4.128232796712491
2024-12-24,2024-12-30,3,18,HEALTHIETF,2.9870037104075595,3.3738577401881096
2024-12-31,2025-01-06,1,11,PHARMABEES,-1.132552248471201,3.970002715048089
2024-12-31,2025-01-06,2,18,HEALTHIETF,-0.7686836450469587,3.042701186631602
2024-12-31,2025-01-06,3,22,MONQ50,-1.7330832657298696,2.6351427333750643
2025-01-07,2025-01-13,1,2,GOLDBEES,2.2850137928670518,3.564168728761851
2025-01-07,2025-01-13,2,1,SILVERBEES,0.25267166816839065,2.1055130386436116
2025-01-07,2025-01-13,3,24,HDFCGROWTH,0.29289152244001576,1.8171280695363197
2025-01-14,2025-01-20,1,2,GOLDBEES,0.8328216455762739,4.046869277954102
2025-01-14,2025-01-20,2,22,MONQ50,7.230214231381968,3.988372447878816
2025-01-14,2025-01-20,3,1,SILVERBEES,1.6923690398503448,3.2725209047213877
2025-01-21,2025-01-27,1,22,MONQ50,0.9522774923517935,6.838637890805101
2025-01-21,2025-01-27,2,2,GOLDBEES,1.1053107197841205,4.767066710971709
2025-01-21,2025-01-27,3,1,SILVERBEES,-0.25054233779738216,1.9318003337826801
2025-01-28,2025-02-03,1,22,MONQ50,0.0793287585209246,7.787131978095359
2025-01-28,2025-02-03,2,2,GOLDBEES,3.0482354287938622,5.116980210790095
2025-01-28,2025-02-03,3,9,AUTOBEES,4.602747426398744,3.9725806756738398
2025-02-04,2025-02-10,1,2,GOLDBEES,3.481727665895236,8.905241975214722
2025-02-04,2025-02-10,2,1,SILVERBEES,2.041937298418641,5.950066558268335
2025-02-04,2025-02-10,3,22,MONQ50,1.6059330308333497,2.583023091480475
2025-02-11,2025-02-17,1,1,SILVERBEES,1.6307298007882232,6.016673698821908
2025-02-11,2025-02-17,2,2,GOLDBEES,-0.45846320597996965,5.850197875085772
2025-02-11,2025-02-17,3,22,MONQ50,-0.3491242760565538,2.571581367382793
2025-02-18,2025-02-24,1,22,MONQ50,0.260903901225754,4.438915079506051
2025-02-18,2025-02-24,2,2,GOLDBEES,0.8613435513653362,4.250429509499166
2025-02-18,2025-02-24,3,1,SILVERBEES,0.0,2.9603450141531042
2025-02-25,2025-03-03,1,31,LIQUIDBEES,0.36664803897054615,0.3656464778472272
2025-02-25,2025-03-03,2,2,GOLDBEES,-1.9106520819909796,-1.5995533458505067
2025-02-25,2025-03-03,3,1,SILVERBEES,-1.6144655482472348,-1.6567975650287916
2025-03-04,2025-03-10,1,26,MODEFENCE,5.3547056997458515,6.941316063282637
2025-03-04,2025-03-10,2,1,SILVERBEES,1.6967466935442113,1.335341218629394
2025-03-04,2025-03-10,3,2,GOLDBEES,-0.3452085146657784,0.7257454738205292
2025-03-11,2025-03-17,1,26,MODEFENCE,1.089427916984248,5.947508257701392
2025-03-11,2025-03-17,2,1,SILVERBEES,3.021891921990685,3.5082118920497547
2025-03-11,2025-03-17,3,11,PHARMABEES,1.9295688729529126,1.5865381529345202
2025-03-18,2025-03-24,1,26,MODEFENCE,11.845428951866825,24.142165595396985
2025-03-18,2025-03-24,2,29,GROWWRAIL,8.462229291875586,14.578658668798953
2025-03-18,2025-03-24,3,15,ALPHA,7.324468084633069,13.04667680357618
2025-03-25,2025-03-31,1,26,MODEFENCE,2.0701588440874605,14.923925870637673
2025-03-25,2025-03-31,2,8,PSUBNKBEES,0.6668585997197098,7.276377012528212
2025-03-25,2025-03-31,3,17,NEXT50IETF,0.7176687067249695,7.060539573165038
2025-04-01,2025-04-07,1,26,MODEFENCE,-4.1164697308263865,7.527747214111226
2025-04-01,2025-04-07,2,8,PSUBNKBEES,-2.5652093888941785,5.640625953674316
2025-04-01,2025-04-07,3,7,BANKBEES,-1.6096201308186964,3.549396430650762
2025-04-08,2025-04-14,1,2,GOLDBEES,5.727471774191461,6.712330857368364
2025-04-08,2025-04-14,2,12,FMCGIETF,2.5479914553443077,4.573767142970906
2025-04-08,2025-04-14,3,28,CONSUMIETF,1.834613162669614,0.567872038537863
2025-04-15,2025-04-21,1,2,GOLDBEES,4.390929528604432,9.317685668137814
2025-04-15,2025-04-21,2,7,BANKBEES,5.584759740380943,7.039828904489365
2025-04-15,2025-04-21,3,8,PSUBNKBEES,6.641752312728849,6.826033549997583
2025-04-22,2025-04-28,1,26,MODEFENCE,1.8875551803386716,13.85191076678213
2025-04-22,2025-04-28,2,5,MOMENTUM50,0.22199921704395986,12.709937130223942
2025-04-22,2025-04-28,3,21,MOMOMENTUM,1.0774709086116772,12.357414807146741
2025-04-29,2025-05-05,1,26,MODEFENCE,-1.4639617063954604,14.163520103807542
2025-04-29,2025-05-05,2,14,OILIETF,2.4866760859648447,11.38996471312859
2025-04-29,2025-05-05,3,21,MOMOMENTUM,0.7883281266745688,10.216433690493574
2025-05-06,2025-05-12,1,6,ITBEES,6.878727147821646,11.914436743890958
2025-05-06,2025-05-12,2,9,AUTOBEES,3.0390794383140447,6.974556220636025
2025-05-06,2025-05-12,3,26,MODEFENCE,2.030199456450294,5.9889147385006245
2025-05-13,2025-05-19,1,26,MODEFENCE,10.320764291967812,18.394428968242433
2025-05-13,2025-05-19,2,29,GROWWRAIL,11.516524771825004,10.947251259493875
2025-05-13,2025-05-19,3,27,EVINDIA,3.701089904828214,8.122017883794868
2025-05-20,2025-05-26,1,26,MODEFENCE,7.113540557380666,19.314284551711307
2025-05-20,2025-05-26,2,29,GROWWRAIL,2.088281952398873,10.279835599839352
2025-05-20,2025-05-26,3,27,EVINDIA,1.584018835986676,6.613660710734486
2025-05-27,2025-06-02,1,26,MODEFENCE,0.26288118192560306,21.61989364585305
2025-05-27,2025-06-02,2,8,PSUBNKBEES,5.9826751248404735,10.518270899579488
2025-05-27,2025-06-02,3,29,GROWWRAIL,-0.41354317159798554,10.022839165197848
2025-06-03,2025-06-09,1,1,SILVERBEES,6.0004054980637545,10.968646237436694
2025-06-03,2025-06-09,2,26,MODEFENCE,0.9104989545006282,8.234378114178956
2025-06-03,2025-06-09,3,8,PSUBNKBEES,1.6515350020598019,7.5210022007126
2025-06-10,2025-06-16,1,1,SILVERBEES,-0.2888254970876897,9.539922106748904
2025-06-10,2025-06-16,2,19,SMALLCAP,-1.1432118688067665,4.965791065560003
2025-06-10,2025-06-16,3,6,ITBEES,1.770338976012946,4.26471007599008
2025-06-17,2025-06-23,1,1,SILVERBEES,-0.4127078367404802,9.659690471715402
2025-06-17,2025-06-23,2,26,MODEFENCE,2.065647432411125,4.677503047557093
2025-06-17,2025-06-23,3,6,ITBEES,-2.174422013612502,3.821342294495959
2025-06-24,2025-06-30,1,6,ITBEES,1.4108086008927232,3.7172914660117837
2025-06-24,2025-06-30,2,16,INFRABEES,3.017902833211659,2.8538998837363865
2025-06-24,2025-06-30,3,14,OILIETF,3.035562789033423,2.0618536429497536
2025-07-01,2025-07-07,1,16,INFRABEES,-0.03389031049316984,4.068566756494506
2025-07-01,2025-07-07,2,14,OILIETF,1.676444292950836,4.030877128468601
2025-07-01,2025-07-07,3,22,MONQ50,0.6319159593456519,3.6474609375
2025-07-08,2025-07-14,1,1,SILVERBEES,5.696993480455292,6.033148012677324
2025-07-08,2025-07-14,2,18,HEALTHIETF,0.382735078393275,4.21749960297364
2025-07-08,2025-07-14,3,11,PHARMABEES,1.0150023997577178,3.9037615805625334
2025-07-15,2025-07-21,1,1,SILVERBEES,1.0533117936703873,6.7336795585836535
2025-07-15,2025-07-21,2,22,MONQ50,1.9818801134665869,3.064063638805293
2025-07-15,2025-07-21,3,2,GOLDBEES,0.5632412082599618,2.6753337252153164
2025-07-22,2025-07-28,1,1,SILVERBEES,-1.043551659102581,5.067927632558248
2025-07-22,2025-07-28,2,22,MONQ50,0.07688052010493057,2.1716326264998287
2025-07-22,2025-07-28,3,11,PHARMABEES,2.1043466059771343,2.0148970361740406
2025-07-29,2025-08-04,1,22,MONQ50,1.8920937157277107,6.224174656702662
2025-07-29,2025-08-04,2,2,GOLDBEES,1.6115243997172906,1.6487617840745237
2025-07-29,2025-08-04,3,9,AUTOBEES,-0.24491044126792627,1.39822216307734
2025-08-05,2025-08-11,1,22,MONQ50,-0.6723118993763407,2.6769651386733337
2025-08-05,2025-08-11,2,2,GOLDBEES,-0.4544878012725695,1.3393475469401
2025-08-05,2025-08-11,3,31,LIQUIDBEES,-0.0010010108981837425,0.3664774213924515
2025-08-12,2025-08-18,1,9,AUTOBEES,5.311358647977869,5.987409316758993
2025-08-12,2025-08-18,2,28,CONSUMIETF,3.0060344612496808,4.411522110203942
2025-08-12,2025-08-18,3,27,EVINDIA,3.467406361682239,2.684104270406645
2025-08-19,2025-08-25,1,9,AUTOBEES,0.0038370704996193348,6.7474141881202225
2025-08-19,2025-08-25,2,27,EVINDIA,0.231098358231925,4.115228975373094
2025-08-19,2025-08-25,3,24,HDFCGROWTH,2.2388097941942333,3.7442192972393533
2025-08-26,2025-09-01,1,9,AUTOBEES,1.2377479516622196,8.298035475633247
2025-08-26,2025-09-01,2,1,SILVERBEES,5.969075558204963,8.281592378407392
2025-08-26,2025-09-01,3,27,EVINDIA,1.3253797696671152,6.217432967198374
2025-09-02,2025-09-08,1,22,MONQ50,7.658609533870925,13.531389658346743
2025-09-02,2025-09-08,2,1,SILVERBEES,1.9845613308572798,9.258588649324016
2025-09-02,2025-09-08,3,2,GOLDBEES,3.8910088013314836,8.737164177563256
2025-09-09,2025-09-15,1,22,MONQ50,-0.25533231822637587,11.65651436700203
2025-09-09,2025-09-15,2,1,SILVERBEES,2.40452561023729,9.843818365807568
2025-09-09,2025-09-15,3,2,GOLDBEES,-0.27421301417241445,8.886225352030316
2025-09-16,2025-09-22,1,26,MODEFENCE,0.9599292839660931,8.583425731739508
2025-09-16,2025-09-22,2,1,SILVERBEES,2.8887806088736676,8.120419242930376
2025-09-16,2025-09-22,3,8,PSUBNKBEES,3.538593916391601,8.042053704722777
2025-09-23,2025-09-29,1,1,SILVERBEES,7.183591545262232,15.642409612136174
2025-09-23,2025-09-29,2,22,MONQ50,8.918324467039204,8.499179347232506
2025-09-23,2025-09-29,3,8,PSUBNKBEES,-0.6021919876562404,7.6431469287880045
2025-09-30,2025-10-06,1,1,SILVERBEES,5.58535344722794,16.728953551815355
2025-09-30,2025-10-06,2,22,MONQ50,4.490002169547901,13.444632205012235
2025-09-30,2025-10-06,3,2,GOLDBEES,3.515913197945341,9.128908071835802
2025-10-07,2025-10-13,1,1,SILVERBEES,14.267826427941216,28.170328165115755
2025-10-07,2025-10-13,2,22,MONQ50,-2.813371368328479,11.94096333741939
2025-10-07,2025-10-13,3,2,GOLDBEES,3.000198428556074,10.210438263420698
2025-10-14,2025-10-20,1,2,GOLDBEES,0.04758117185297084,9.635034115485483
2025-10-14,2025-10-20,2,1,SILVERBEES,-14.623366755430434,7.018560288347886
2025-10-14,2025-10-20,3,5,MOMENTUM50,2.1660637782868712,6.813667649541021
2025-10-21,2025-10-27,1,8,PSUBNKBEES,0.9617629892863029,4.9888288030791195
2025-10-21,2025-10-27,2,16,INFRABEES,0.7129343890044815,4.8120091566722545
2025-10-21,2025-10-27,3,6,ITBEES,2.40310151638649,4.758126222407226
2025-10-28,2025-11-03,1,8,PSUBNKBEES,3.2025703214347523,8.17749008595188
2025-10-28,2025-11-03,2,14,OILIETF,2.9486131831857336,5.435721364509623
2025-10-28,2025-11-03,3,16,INFRABEES,0.4346513370814312,4.5942423889544015
2025-11-04,2025-11-10,1,8,PSUBNKBEES,0.193798783913247,6.36644168570818
2025-11-04,2025-11-10,2,14,OILIETF,0.247114762131715,3.223071379732164
2025-11-04,2025-11-10,3,6,ITBEES,1.1343094001651757,1.6848047701709274
2025-11-11,2025-11-17,1,1,SILVERBEES,0.5876360008471951,7.252424647300551
2025-11-11,2025-11-17,2,8,PSUBNKBEES,2.0725368972312976,5.973320633351731
2025-11-11,2025-11-17,3,14,OILIETF,1.5535612524060198,4.194630845635492
2025-11-18,2025-11-24,1,6,ITBEES,2.779879915604281,3.9887433757309956
2025-11-18,2025-11-24,2,1,SILVERBEES,0.3411106520358012,3.2357693344931744
2025-11-18,2025-11-24,3,24,HDFCGROWTH,1.3538173912749345,2.498000567226235
2025-11-25,2025-12-01,1,1,SILVERBEES,11.31127682908236,14.359440554448177
2025-11-25,2025-12-01,2,6,ITBEES,1.880262668627181,4.970687702506897
2025-11-25,2025-12-01,3,2,GOLDBEES,3.150978315366844,4.936090878169593
2025-12-02,2025-12-08,1,1,SILVERBEES,3.3264788446953513,14.71931133391348
2025-12-02,2025-12-08,2,6,ITBEES,2.8647738395665527,5.87206008805831
2025-12-02,2025-12-08,3,2,GOLDBEES,1.1549760981023298,4.816554752916593
2025-12-09,2025-12-15,1,1,SILVERBEES,8.041607420813431,25.693495251339993
2025-12-09,2025-12-15,2,2,GOLDBEES,4.394051771343282,8.52977922818113
2025-12-09,2025-12-15,3,6,ITBEES,0.5968011545537961,3.614460995539421
2025-12-16,2025-12-22,1,1,SILVERBEES,8.262490825228745,20.2996142659803
2025-12-16,2025-12-22,2,6,ITBEES,3.6637994623797847,5.123847971624137
2025-12-16,2025-12-22,3,2,GOLDBEES,1.6703193426743048,4.375935265674788
2025-12-23,2025-12-29,1,1,SILVERBEES,8.15699849423521,27.751114890181196
2025-12-23,2025-12-29,2,29,GROWWRAIL,3.101448390794837,9.244466199569347
2025-12-23,2025-12-29,3,2,GOLDBEES,-0.06189186186437985,5.783809446354431
2025-12-30,2026-01-05,1,1,SILVERBEES,3.3591431862596637,21.999242301686085
2025-12-30,2026-01-05,2,29,GROWWRAIL,1.1871061511182894,7.961397472245374
2025-12-30,2026-01-05,3,8,PSUBNKBEES,3.610607531883946,5.486876481907696
2026-01-06,2026-01-12,1,1,SILVERBEES,5.050728476280273,21.705431266651978
2026-01-06,2026-01-12,2,2,GOLDBEES,3.19957819171885,4.820902034299741
2026-01-06,2026-01-12,3,8,PSUBNKBEES,-1.5030686859234244,3.447163863609829
2026-01-13,2026-01-19,1,1,SILVERBEES,13.402275835198715,29.644908227734824
2026-01-13,2026-01-19,2,8,PSUBNKBEES,3.206186196238724,8.708876741654391
2026-01-13,2026-01-19,3,2,GOLDBEES,4.06461769863453,7.139697232574295
2026-01-20,2026-01-26,1,1,SILVERBEES,-1.6430294372305025,29.790733218189935
2026-01-20,2026-01-26,2,2,GOLDBEES,1.2394704838937094,12.84094955289126
2026-01-20,2026-01-26,3,6,ITBEES,0.3573926776719968,1.4695269453555393
2026-01-27,2026-02-02,1,2,GOLDBEES,-9.72232717839388,1.6358307620501273
2026-01-27,2026-02-02,2,6,ITBEES,-1.340860308939341,0.5996642078079508
2026-01-27,2026-02-02,3,31,LIQUIDBEES,-0.0010009765625000001,0.0
2026-02-03,2026-02-09,1,2,GOLDBEES,2.2204524572318194,5.68125926465866
2026-02-03,2026-02-09,2,14,OILIETF,2.9950053491447557,5.631397887155757
2026-02-03,2026-02-09,3,16,INFRABEES,2.0954077926916925,4.527123167126513
2026-02-10,2026-02-16,1,16,INFRABEES,0.3482448952411855,8.141350575916826
2026-02-10,2026-02-16,2,14,OILIETF,-1.6853935594225204,7.267950246594122
2026-02-10,2026-02-16,3,26,MODEFENCE,0.2744087197368147,6.303026603929925
2026-02-17,2026-02-23,1,8,PSUBNKBEES,3.5067736454643352,14.284221300350334
2026-02-17,2026-02-23,2,1,SILVERBEES,13.692967552326921,13.744655538772477
2026-02-17,2026-02-23,3,2,GOLDBEES,4.350616543011033,9.547486311514607
2026-02-24,2026-03-02,1,1,SILVERBEES,9.566360514901804,12.700039940835719
2026-02-24,2026-03-02,2,2,GOLDBEES,5.410765155819422,8.079390292284256
2026-02-24,2026-03-02,3,8,PSUBNKBEES,-2.191782215414526,4.969126487780556
2026-03-03,2026-03-09,1,1,SILVERBEES,-10.067356457654125,8.64784198944436
2026-03-03,2026-03-09,2,26,MODEFENCE,2.092838934762266,4.5724085242523405
2026-03-03,2026-03-09,3,2,GOLDBEES,-5.039040523158454,3.4903939477476635
2026-03-10,2026-03-16,1,11,PHARMABEES,-2.933783508101675,0.1297046594640408
2026-03-10,2026-03-16,2,31,LIQUIDBEES,0.0,-0.0010009765625000001
2026-03-10,2026-03-16,3,18,HEALTHIETF,-3.6384988320598937,-1.6373846005877029
2026-03-17,2026-03-23,1,31,LIQUIDBEES,0.0,0.001000986582141081
2026-03-17,2026-03-23,2,11,PHARMABEES,-2.111158080337758,-3.728818024961536
2026-03-17,2026-03-23,3,6,ITBEES,1.38800825274234,-3.9450081618106614
2026-03-24,2026-03-30,1,22,MONQ50,4.123286168350793,7.036133513187728
2026-03-24,2026-03-30,2,31,LIQUIDBEES,0.001000986582141081,0.001000986582141081
2026-03-24,2026-03-30,3,11,PHARMABEES,-0.13140905276287765,-3.102428509486931
2026-03-31,2026-04-06,1,22,MONQ50,9.543608737525949,17.20156470059254
2026-03-31,2026-04-06,2,6,ITBEES,5.626761979643063,5.593752861022949
2026-03-31,2026-04-06,3,19,SMALLCAP,5.1499934582039995,1.408088115011263
2026-04-07,2026-04-13,1,22,MONQ50,4.246344719320608,25.115834286356893
2026-04-07,2026-04-13,2,1,SILVERBEES,2.2451495108907245,16.251548291598354
2026-04-07,2026-04-13,3,26,MODEFENCE,6.824019879573602,12.516920823317307
2026-04-14,2026-04-20,1,26,MODEFENCE,5.250495676982345,22.46404683013076
2026-04-14,2026-04-20,2,22,MONQ50,6.131583662399694,22.007717312546777
2026-04-14,2026-04-20,3,29,GROWWRAIL,6.241872763353161,16.92307482333994
2026-04-21,2026-04-23,1,26,MODEFENCE,1.8121853964814447,16.521325173495452
2026-04-21,2026-04-23,2,22,MONQ50,0.6810400770311513,13.565297721862136
2026-04-21,2026-04-23,3,29,GROWWRAIL,0.12224052364879043,12.384215266706558
